name,mobile,code,url,surname,nationality
hamilton,"918978675645,7867676767",HAM,http://en.wikipedia.org/wiki/Lewis_Hamilton,Hamilton,British
heidfeld,"918767676767,7845776544",HEI,http://en.wikipedia.org/wiki/Nick_Heidfeld,Heidfeld,German
rosberg,"918978675645,7867676767",ROS,http://en.wikipedia.org/wiki/Nico_Rosberg,Rosberg,German
alonso,9.18979E+11,ALO,http://en.wikipedia.org/wiki/Fernando_Alonso,Alonso,Spanish
kovalainen,9.18979E+11,KOV,http://en.wikipedia.org/wiki/Heikki_Kovalainen,Kovalainen,Finnish
nakajima,9.18979E+11,NAK,http://en.wikipedia.org/wiki/Kazuki_Nakajima,Nakajima,Japanese
bourdais,9.18979E+11,BOU,http://en.wikipedia.org/wiki/S%C3%A9bastien_Bourdais,Bourdais,French
raikkonen,9.18979E+11,RAI,http://en.wikipedia.org/wiki/Kimi_R%C3%A4ikk%C3%B6nen,Räikkönen,Finnish
kubica,9.18979E+11,KUB,http://en.wikipedia.org/wiki/Robert_Kubica,Kubica,Polish
glock,9.18979E+11,GLO,http://en.wikipedia.org/wiki/Timo_Glock,Glock,German
sato,9.18979E+11,SAT,http://en.wikipedia.org/wiki/Takuma_Sato,Sato,Japanese
piquet_jr,9.18979E+11,PIQ,"http://en.wikipedia.org/wiki/Nelson_Piquet,_Jr.",Piquet Jr.,Brazilian
massa,9.18979E+11,MAS,http://en.wikipedia.org/wiki/Felipe_Massa,Massa,Brazilian
coulthard,9.18979E+11,COU,http://en.wikipedia.org/wiki/David_Coulthard,Coulthard,British
trulli,9.18979E+11,TRU,http://en.wikipedia.org/wiki/Jarno_Trulli,Trulli,Italian
sutil,9.18979E+11,SUT,http://en.wikipedia.org/wiki/Adrian_Sutil,Sutil,German
webber,9.18979E+11,WEB,http://en.wikipedia.org/wiki/Mark_Webber_(racing_driver),Webber,Australian
button,9.18979E+11,BUT,http://en.wikipedia.org/wiki/Jenson_Button,Button,British
davidson,9.18979E+11,DAV,http://en.wikipedia.org/wiki/Anthony_Davidson,Davidson,British
vettel,9.18979E+11,VET,http://en.wikipedia.org/wiki/Sebastian_Vettel,Vettel,German
fisichella,9.18979E+11,FIS,http://en.wikipedia.org/wiki/Giancarlo_Fisichella,Fisichella,Italian
barrichello,9.18979E+11,BAR,http://en.wikipedia.org/wiki/Rubens_Barrichello,Barrichello,Brazilian
ralf_schumacher,9.18979E+11,SCH,http://en.wikipedia.org/wiki/Ralf_Schumacher,Schumacher,German
liuzzi,9.18979E+11,LIU,http://en.wikipedia.org/wiki/Vitantonio_Liuzzi,Liuzzi,Italian
wurz,9.18979E+11,WUR,http://en.wikipedia.org/wiki/Alexander_Wurz,Wurz,Austrian
speed,9.18979E+11,SPE,http://en.wikipedia.org/wiki/Scott_Speed,Speed,American
albers,9.18979E+11,ALB,http://en.wikipedia.org/wiki/Christijan_Albers,Albers,Dutch
markus_winkelhock,9.18979E+11,WIN,http://en.wikipedia.org/wiki/Markus_Winkelhock,Winkelhock,German
yamamoto,9.18979E+11,YAM,http://en.wikipedia.org/wiki/Sakon_Yamamoto,Yamamoto,Japanese
michael_schumacher,9.18979E+11,MSC,http://en.wikipedia.org/wiki/Michael_Schumacher,Schumacher,German
montoya,9.18979E+11,MON,http://en.wikipedia.org/wiki/Juan_Pablo_Montoya,Pablo Montoya,Colombian
klien,9.18979E+11,KLI,http://en.wikipedia.org/wiki/Christian_Klien,Klien,Austrian
monteiro,9.18979E+11,TMO,http://en.wikipedia.org/wiki/Tiago_Monteiro,Monteiro,Portuguese
ide,9.18979E+11,IDE,http://en.wikipedia.org/wiki/Yuji_Ide,Ide,Japanese
villeneuve,9.18979E+11,VIL,http://en.wikipedia.org/wiki/Jacques_Villeneuve,Villeneuve,Canadian
montagny,9.18979E+11,FMO,http://en.wikipedia.org/wiki/Franck_Montagny,Montagny,French
rosa,9.18979E+11,DLR,http://en.wikipedia.org/wiki/Pedro_de_la_Rosa,de la Rosa,Spanish
doornbos,9.18979E+11,DOO,http://en.wikipedia.org/wiki/Robert_Doornbos,Doornbos,Dutch
karthikeyan,9.18979E+11,KAR,http://en.wikipedia.org/wiki/Narain_Karthikeyan,Karthikeyan,Indian
friesacher,9.18979E+11,FRI,http://en.wikipedia.org/wiki/Patrick_Friesacher,Friesacher,Austrian
zonta,9.18979E+11,ZON,http://en.wikipedia.org/wiki/Ricardo_Zonta,Zonta,Brazilian
pizzonia,9.18979E+11,PIZ,http://en.wikipedia.org/wiki/Ant%C3%B4nio_Pizzonia,Pizzonia,Brazilian
matta,9.18979E+11,\N,http://en.wikipedia.org/wiki/Cristiano_da_Matta,da Matta,Brazilian
panis,9.18979E+11,\N,http://en.wikipedia.org/wiki/Olivier_Panis,Panis,French
pantano,9.18979E+11,\N,http://en.wikipedia.org/wiki/Giorgio_Pantano,Pantano,Italian
bruni,9.18979E+11,\N,http://en.wikipedia.org/wiki/Gianmaria_Bruni,Bruni,Italian
baumgartner,9.18979E+11,\N,http://en.wikipedia.org/wiki/Zsolt_Baumgartner,Baumgartner,Hungarian
gene,9.18979E+11,\N,http://en.wikipedia.org/wiki/Marc_Gen%C3%A9,Gené,Spanish
frentzen,9.18979E+11,\N,http://en.wikipedia.org/wiki/Heinz-Harald_Frentzen,Frentzen,German
verstappen,9.18979E+11,\N,http://en.wikipedia.org/wiki/Jos_Verstappen,Verstappen,Dutch
wilson,9.18979E+11,\N,http://en.wikipedia.org/wiki/Justin_Wilson_(racing_driver),Wilson,British
firman,9.18979E+11,\N,http://en.wikipedia.org/wiki/Ralph_Firman,Firman,Irish
kiesa,9.18979E+11,\N,http://en.wikipedia.org/wiki/Nicolas_Kiesa,Kiesa,Danish
burti,9.18979E+11,\N,http://en.wikipedia.org/wiki/Luciano_Burti,Burti,Brazilian
alesi,9.18979E+11,\N,http://en.wikipedia.org/wiki/Jean_Alesi,Alesi,French
irvine,9.18979E+11,\N,http://en.wikipedia.org/wiki/Eddie_Irvine,Irvine,British
hakkinen,9.18979E+11,\N,http://en.wikipedia.org/wiki/Mika_H%C3%A4kkinen,Häkkinen,Finnish
marques,9.18979E+11,\N,http://en.wikipedia.org/wiki/Tarso_Marques,Marques,Brazilian
bernoldi,9.18979E+11,\N,http://en.wikipedia.org/wiki/Enrique_Bernoldi,Bernoldi,Brazilian
mazzacane,9.18979E+11,\N,http://en.wikipedia.org/wiki/Gast%C3%B3n_Mazzacane,Mazzacane,Argentine
enge,9.18979E+11,\N,http://en.wikipedia.org/wiki/Tom%C3%A1%C5%A1_Enge,Enge,Czech
yoong,9.18979E+11,\N,http://en.wikipedia.org/wiki/Alex_Yoong,Yoong,Malaysian
salo,9.18979E+11,\N,http://en.wikipedia.org/wiki/Mika_Salo,Salo,Finnish
diniz,9.18979E+11,\N,http://en.wikipedia.org/wiki/Pedro_Diniz,Diniz,Brazilian
herbert,9.18979E+11,\N,http://en.wikipedia.org/wiki/Johnny_Herbert,Herbert,British
mcnish,9.18979E+11,\N,http://en.wikipedia.org/wiki/Allan_McNish,McNish,British
buemi,9.18979E+11,BUE,http://en.wikipedia.org/wiki/S%C3%A9bastien_Buemi,Buemi,Swiss
takagi,9.18979E+11,\N,http://en.wikipedia.org/wiki/Toranosuke_Takagi,Takagi,Japanese
badoer,9.18979E+11,BAD,http://en.wikipedia.org/wiki/Luca_Badoer,Badoer,Italian
zanardi,9.18979E+11,\N,http://en.wikipedia.org/wiki/Alex_Zanardi,Zanardi,Italian
damon_hill,9.18979E+11,\N,http://en.wikipedia.org/wiki/Damon_Hill,Hill,British
sarrazin,9.18979E+11,\N,http://en.wikipedia.org/wiki/St%C3%A9phane_Sarrazin,Sarrazin,French
rosset,9.18979E+11,\N,http://en.wikipedia.org/wiki/Ricardo_Rosset,Rosset,Brazilian
tuero,9.18979E+11,\N,http://en.wikipedia.org/wiki/Esteban_Tuero,Tuero,Argentine
nakano,9.18979E+11,\N,http://en.wikipedia.org/wiki/Shinji_Nakano,Nakano,Japanese
magnussen,9.18979E+11,MAG,http://en.wikipedia.org/wiki/Jan_Magnussen,Magnussen,Danish
berger,9.18979E+11,\N,http://en.wikipedia.org/wiki/Gerhard_Berger,Berger,Austrian
larini,9.18979E+11,\N,http://en.wikipedia.org/wiki/Nicola_Larini,Larini,Italian
katayama,9.18979E+11,\N,http://en.wikipedia.org/wiki/Ukyo_Katayama,Katayama,Japanese
sospiri,9.18979E+11,\N,http://en.wikipedia.org/wiki/Vincenzo_Sospiri,Sospiri,Italian
morbidelli,9.18979E+11,\N,http://en.wikipedia.org/wiki/Gianni_Morbidelli,Morbidelli,Italian
fontana,9.18979E+11,\N,http://en.wikipedia.org/wiki/Norberto_Fontana,Fontana,Argentine
lamy,9.18979E+11,\N,http://en.wikipedia.org/wiki/Pedro_Lamy,Lamy,Portuguese
brundle,9.18979E+11,\N,http://en.wikipedia.org/wiki/Martin_Brundle,Brundle,British
montermini,9.18979E+11,\N,http://en.wikipedia.org/wiki/Andrea_Montermini,Montermini,Italian
lavaggi,9.18979E+11,\N,http://en.wikipedia.org/wiki/Giovanni_Lavaggi,Lavaggi,Italian
blundell,9.18979E+11,\N,http://en.wikipedia.org/wiki/Mark_Blundell,Blundell,British
suzuki,9.18979E+11,\N,http://en.wikipedia.org/wiki/Aguri_Suzuki,Suzuki,Japanese
inoue,9.18979E+11,\N,http://en.wikipedia.org/wiki/Taki_Inoue,Inoue,Japanese
moreno,9.18979E+11,\N,http://en.wikipedia.org/wiki/Roberto_Moreno,Moreno,Brazilian
wendlinger,9.18979E+11,\N,http://en.wikipedia.org/wiki/Karl_Wendlinger,Wendlinger,Austrian
gachot,9.18979E+11,\N,http://en.wikipedia.org/wiki/Bertrand_Gachot,Gachot,Belgian
schiattarella,9.18979E+11,\N,http://en.wikipedia.org/wiki/Domenico_Schiattarella,Schiattarella,Italian
martini,9.18979E+11,\N,http://en.wikipedia.org/wiki/Pierluigi_Martini,Martini,Italian
mansell,9.18979E+11,\N,http://en.wikipedia.org/wiki/Nigel_Mansell,Mansell,British
boullion,9.18979E+11,\N,http://en.wikipedia.org/wiki/Jean-Christophe_Boullion,Boullion,French
papis,9.18979E+11,\N,http://en.wikipedia.org/wiki/Massimiliano_Papis,Papis,Italian
deletraz,9.18979E+11,\N,http://en.wikipedia.org/wiki/Jean-Denis_Deletraz,Délétraz,Swiss
tarquini,9.18979E+11,\N,http://en.wikipedia.org/wiki/Gabriele_Tarquini,Tarquini,Italian
comas,9.18979E+11,\N,http://en.wikipedia.org/wiki/%C3%89rik_Comas,Comas,French
brabham,9.18979E+11,\N,http://en.wikipedia.org/wiki/David_Brabham,Brabham,Australian
senna,9.18979E+11,\N,http://en.wikipedia.org/wiki/Ayrton_Senna,Senna,Brazilian
bernard,9.18979E+11,\N,http://en.wikipedia.org/wiki/%C3%89ric_Bernard,Bernard,French
fittipaldi,9.18979E+11,\N,http://en.wikipedia.org/wiki/Christian_Fittipaldi,Fittipaldi,Brazilian
alboreto,9.18979E+11,\N,http://en.wikipedia.org/wiki/Michele_Alboreto,Alboreto,Italian
beretta,9.18979E+11,\N,http://en.wikipedia.org/wiki/Olivier_Beretta,Beretta,Monegasque
ratzenberger,9.18979E+11,\N,http://en.wikipedia.org/wiki/Roland_Ratzenberger,Ratzenberger,Austrian
belmondo,9.18979E+11,\N,http://en.wikipedia.org/wiki/Paul_Belmondo,Belmondo,French
lehto,9.18979E+11,\N,http://en.wikipedia.org/wiki/Jyrki_J%C3%A4rvilehto,Järvilehto,Finnish
cesaris,9.18979E+11,\N,http://en.wikipedia.org/wiki/Andrea_de_Cesaris,de Cesaris,Italian
gounon,9.18979E+11,\N,http://en.wikipedia.org/wiki/Jean-Marc_Gounon,Gounon,French
alliot,9.18979E+11,\N,http://en.wikipedia.org/wiki/Philippe_Alliot,Alliot,French
adams,9.18979E+11,\N,http://en.wikipedia.org/wiki/Philippe_Adams,Adams,Belgian
dalmas,9.18979E+11,\N,http://en.wikipedia.org/wiki/Yannick_Dalmas,Dalmas,French
noda,9.18979E+11,\N,http://en.wikipedia.org/wiki/Hideki_Noda,Noda,Japanese
lagorce,9.18979E+11,\N,http://en.wikipedia.org/wiki/Franck_Lagorce,Lagorce,French
prost,9.18979E+11,\N,http://en.wikipedia.org/wiki/Alain_Prost,Prost,French
warwick,9.18979E+11,\N,http://en.wikipedia.org/wiki/Derek_Warwick,Warwick,British
patrese,9.18979E+11,\N,http://en.wikipedia.org/wiki/Riccardo_Patrese,Patrese,Italian
barbazza,9.18979E+11,\N,http://en.wikipedia.org/wiki/Fabrizio_Barbazza,Barbazza,Italian
andretti,9.18979E+11,\N,http://en.wikipedia.org/wiki/Michael_Andretti,Andretti,American
capelli,9.18979E+11,\N,http://en.wikipedia.org/wiki/Ivan_Capelli,Capelli,Italian
boutsen,9.18979E+11,\N,http://en.wikipedia.org/wiki/Thierry_Boutsen,Boutsen,Belgian
apicella,9.18979E+11,\N,http://en.wikipedia.org/wiki/Marco_Apicella,Apicella,Italian
naspetti,9.18979E+11,\N,http://en.wikipedia.org/wiki/Emanuele_Naspetti,Naspetti,Italian
toshio_suzuki,9.18979E+11,\N,http://en.wikipedia.org/wiki/Toshio_Suzuki_(driver),Suzuki,Japanese
gugelmin,9.18979E+11,\N,http://en.wikipedia.org/wiki/Maur%C3%ADcio_Gugelmin,Gugelmin,Brazilian
poele,9.18979E+11,\N,http://en.wikipedia.org/wiki/Eric_van_de_Poele,van de Poele,Belgian
grouillard,9.18979E+11,\N,http://en.wikipedia.org/wiki/Olivier_Grouillard,Grouillard,French
chiesa,9.18979E+11,\N,http://en.wikipedia.org/wiki/Andrea_Chiesa,Chiesa,Swiss
modena,9.18979E+11,\N,http://en.wikipedia.org/wiki/Stefano_Modena,Modena,Italian
amati,9.18979E+11,\N,http://en.wikipedia.org/wiki/Giovanna_Amati,Amati,Italian
caffi,9.18979E+11,\N,http://en.wikipedia.org/wiki/Alex_Caffi,Caffi,Italian
bertaggia,9.18979E+11,\N,http://en.wikipedia.org/wiki/Enrico_Bertaggia,Bertaggia,Italian
mccarthy,9.18979E+11,\N,http://en.wikipedia.org/wiki/Perry_McCarthy,McCarthy,British
lammers,9.18979E+11,\N,http://en.wikipedia.org/wiki/Jan_Lammers,Lammers,Dutch
piquet,9.18979E+11,\N,http://en.wikipedia.org/wiki/Nelson_Piquet,Piquet,Brazilian
satoru_nakajima,9.18979E+11,\N,http://en.wikipedia.org/wiki/Satoru_Nakajima,Nakajima,Japanese
pirro,9.18979E+11,\N,http://en.wikipedia.org/wiki/Emanuele_Pirro,Pirro,Italian
johansson,9.18979E+11,\N,http://en.wikipedia.org/wiki/Stefan_Johansson,Johansson,Swedish
bailey,9.18979E+11,\N,http://en.wikipedia.org/wiki/Julian_Bailey,Bailey,British
chaves,9.18979E+11,\N,http://en.wikipedia.org/wiki/Pedro_Chaves,Chaves,Portuguese
bartels,9.18979E+11,\N,http://en.wikipedia.org/wiki/Michael_Bartels,Bartels,German
hattori,9.18979E+11,\N,http://en.wikipedia.org/wiki/Naoki_Hattori,Hattori,Japanese
nannini,9.18979E+11,\N,http://en.wikipedia.org/wiki/Alessandro_Nannini,Nannini,Italian
schneider,9.18979E+11,\N,http://en.wikipedia.org/wiki/Bernd_Schneider_(racecar_driver),Schneider,German
barilla,9.18979E+11,\N,http://en.wikipedia.org/wiki/Paolo_Barilla,Barilla,Italian
foitek,9.18979E+11,\N,http://en.wikipedia.org/wiki/Gregor_Foitek,Foitek,Swiss
langes,9.18979E+11,\N,http://en.wikipedia.org/wiki/Claudio_Langes,Langes,Italian
gary_brabham,9.18979E+11,\N,http://en.wikipedia.org/wiki/Gary_Brabham,Brabham,Australian
donnelly,9.18979E+11,\N,http://en.wikipedia.org/wiki/Martin_Donnelly_(racing_driver),Donnelly,British
giacomelli,9.18979E+11,\N,http://en.wikipedia.org/wiki/Bruno_Giacomelli,Giacomelli,Italian
alguersuari,9.18979E+11,ALG,http://en.wikipedia.org/wiki/Jaime_Alguersuari,Alguersuari,Spanish
grosjean,9.18979E+11,GRO,http://en.wikipedia.org/wiki/Romain_Grosjean,Grosjean,French
kobayashi,9.18979E+11,KOB,http://en.wikipedia.org/wiki/Kamui_Kobayashi,Kobayashi,Japanese
palmer,9.18979E+11,\N,http://en.wikipedia.org/wiki/Jonathan_Palmer,Palmer,British
danner,9.18979E+11,\N,http://en.wikipedia.org/wiki/Christian_Danner,Danner,German
cheever,9.18979E+11,\N,http://en.wikipedia.org/wiki/Eddie_Cheever,Cheever,American
sala,9.18979E+11,\N,http://en.wikipedia.org/wiki/Luis_Perez-Sala,Pérez-Sala,Spanish
ghinzani,9.18979E+11,\N,http://en.wikipedia.org/wiki/Piercarlo_Ghinzani,Ghinzani,Italian
weidler,9.18979E+11,\N,http://en.wikipedia.org/wiki/Volker_Weidler,Weidler,German
raphanel,9.18979E+11,\N,http://en.wikipedia.org/wiki/Pierre-Henri_Raphanel,Raphanel,French
arnoux,9.18979E+11,\N,http://en.wikipedia.org/wiki/Ren%C3%A9_Arnoux,Arnoux,French
joachim_winkelhock,9.18979E+11,\N,http://en.wikipedia.org/wiki/Joachim_Winkelhock,Winkelhock,German
larrauri,9.18979E+11,\N,http://en.wikipedia.org/wiki/Oscar_Larrauri,Larrauri,Argentine
streiff,9.18979E+11,\N,http://en.wikipedia.org/wiki/Philippe_Streiff,Streiff,French
campos,9.18979E+11,\N,http://en.wikipedia.org/wiki/Adri%C3%A1n_Campos,Campos,Spanish
schlesser,9.18979E+11,\N,http://en.wikipedia.org/wiki/Jean-Louis_Schlesser,Schlesser,French
fabre,9.18979E+11,\N,http://en.wikipedia.org/wiki/Pascal_Fabre,Fabre,French
fabi,9.18979E+11,\N,http://en.wikipedia.org/wiki/Teo_Fabi,Fabi,Italian
forini,9.18979E+11,\N,http://en.wikipedia.org/wiki/Franco_Forini,Forini,Swiss
laffite,9.18979E+11,\N,http://en.wikipedia.org/wiki/Jacques_Laffite,Laffite,French
angelis,9.18979E+11,\N,http://en.wikipedia.org/wiki/Elio_de_Angelis,de Angelis,Italian
dumfries,9.18979E+11,\N,http://en.wikipedia.org/wiki/Johnny_Dumfries,Dumfries,British
tambay,9.18979E+11,\N,http://en.wikipedia.org/wiki/Patrick_Tambay,Tambay,French
surer,9.18979E+11,\N,http://en.wikipedia.org/wiki/Marc_Surer,Surer,Swiss
keke_rosberg,9.18979E+11,\N,http://en.wikipedia.org/wiki/Keke_Rosberg,Rosberg,Finnish
jones,9.18979E+11,\N,http://en.wikipedia.org/wiki/Alan_Jones_(Formula_1),Jones,Australian
rothengatter,9.18979E+11,\N,http://en.wikipedia.org/wiki/Huub_Rothengatter,Rothengatter,Dutch
berg,9.18979E+11,\N,http://en.wikipedia.org/wiki/Allen_Berg,Berg,Canadian
manfred_winkelhock,9.18979E+11,\N,http://en.wikipedia.org/wiki/Manfred_Winkelhock,Winkelhock,German
lauda,9.18979E+11,\N,http://en.wikipedia.org/wiki/Niki_Lauda,Lauda,Austrian
hesnault,9.18979E+11,\N,http://en.wikipedia.org/wiki/Fran%C3%A7ois_Hesnault,Hesnault,French
baldi,9.18979E+11,\N,http://en.wikipedia.org/wiki/Mauro_Baldi,Baldi,Italian
bellof,9.18979E+11,\N,http://en.wikipedia.org/wiki/Stefan_Bellof,Bellof,German
acheson,9.18979E+11,\N,http://en.wikipedia.org/wiki/Kenny_Acheson,Acheson,British
watson,9.18979E+11,\N,http://en.wikipedia.org/wiki/John_Watson_(racing_driver),Watson,British
cecotto,9.18979E+11,\N,http://en.wikipedia.org/wiki/Johnny_Cecotto,Cecotto,Venezuelan
gartner,9.18979E+11,\N,http://en.wikipedia.org/wiki/Jo_Gartner,Gartner,Austrian
corrado_fabi,9.18979E+11,\N,http://en.wikipedia.org/wiki/Corrado_Fabi,Fabi,Italian
thackwell,9.18979E+11,\N,http://en.wikipedia.org/wiki/Mike_Thackwell,Thackwell,New Zealander
serra,9.18979E+11,\N,http://en.wikipedia.org/wiki/Chico_Serra,Serra,Brazilian
sullivan,9.18979E+11,\N,http://en.wikipedia.org/wiki/Danny_Sullivan,Sullivan,American
salazar,9.18979E+11,\N,http://en.wikipedia.org/wiki/Eliseo_Salazar,Salazar,Chilean
guerrero,9.18979E+11,\N,http://en.wikipedia.org/wiki/Roberto_Guerrero,Guerrero,Colombian
boesel,9.18979E+11,\N,http://en.wikipedia.org/wiki/Raul_Boesel,Boesel,Brazilian
jarier,9.18979E+11,\N,http://en.wikipedia.org/wiki/Jean-Pierre_Jarier,Jarier,French
villeneuve_sr,9.18979E+11,\N,http://en.wikipedia.org/wiki/Jacques_Villeneuve_(elder),Villeneuve Sr.,Canadian
reutemann,9.18979E+11,\N,http://en.wikipedia.org/wiki/Carlos_Reutemann,Reutemann,Argentine
mass,9.18979E+11,\N,http://en.wikipedia.org/wiki/Jochen_Mass,Mass,German
borgudd,9.18979E+11,\N,http://en.wikipedia.org/wiki/Slim_Borgudd,Borgudd,Swedish
pironi,9.18979E+11,\N,http://en.wikipedia.org/wiki/Didier_Pironi,Pironi,French
gilles_villeneuve,9.18979E+11,\N,http://en.wikipedia.org/wiki/Gilles_Villeneuve,Villeneuve,Canadian
paletti,9.18979E+11,\N,http://en.wikipedia.org/wiki/Riccardo_Paletti,Paletti,Italian
henton,9.18979E+11,\N,http://en.wikipedia.org/wiki/Brian_Henton,Henton,British
daly,9.18979E+11,\N,http://en.wikipedia.org/wiki/Derek_Daly,Daly,Irish
mario_andretti,9.18979E+11,\N,http://en.wikipedia.org/wiki/Mario_Andretti,Andretti,American
villota,9.18979E+11,\N,http://en.wikipedia.org/wiki/Emilio_de_Villota,de Villota,Spanish
lees,9.18979E+11,\N,http://en.wikipedia.org/wiki/Geoff_Lees,Lees,British
byrne,9.18979E+11,\N,http://en.wikipedia.org/wiki/Tommy_Byrne_%28racing_driver%29,Byrne,Irish
keegan,9.18979E+11,\N,http://en.wikipedia.org/wiki/Rupert_Keegan,Keegan,British
rebaque,9.18979E+11,\N,http://en.wikipedia.org/wiki/Hector_Rebaque,Rebaque,Mexican
gabbiani,9.18979E+11,\N,http://en.wikipedia.org/wiki/Beppe_Gabbiani,Gabbiani,Italian
cogan,9.18979E+11,\N,http://en.wikipedia.org/wiki/Kevin_Cogan,Cogan,American
guerra,9.18979E+11,\N,http://en.wikipedia.org/wiki/Miguel_Angel_Guerra,Guerra,Argentine
stohr,9.18979E+11,\N,http://en.wikipedia.org/wiki/Siegfried_Stohr,Stohr,Italian
zunino,9.18979E+11,\N,http://en.wikipedia.org/wiki/Ricardo_Zunino,Zunino,Argentine
londono,9.18979E+11,\N,http://en.wikipedia.org/wiki/Ricardo_Londo%C3%B1o,Londoño,Colombian
jabouille,9.18979E+11,\N,http://en.wikipedia.org/wiki/Jean-Pierre_Jabouille,Jabouille,French
francia,9.18979E+11,\N,http://en.wikipedia.org/wiki/Giorgio_Francia,Francia,Italian
depailler,9.18979E+11,\N,http://en.wikipedia.org/wiki/Patrick_Depailler,Depailler,French
scheckter,9.18979E+11,\N,http://en.wikipedia.org/wiki/Jody_Scheckter,Scheckter,South African
regazzoni,9.18979E+11,\N,http://en.wikipedia.org/wiki/Clay_Regazzoni,Regazzoni,Swiss
emerson_fittipaldi,9.18979E+11,\N,http://en.wikipedia.org/wiki/Emerson_Fittipaldi,Fittipaldi,Brazilian
kennedy,9.18979E+11,\N,http://en.wikipedia.org/wiki/David_Kennedy_(racing_driver),Kennedy,Irish
south,9.18979E+11,\N,http://en.wikipedia.org/wiki/Stephen_South,South,British
needell,9.18979E+11,\N,http://en.wikipedia.org/wiki/Tiff_Needell,Needell,British
desire_wilson,9.18979E+11,\N,http://en.wikipedia.org/wiki/Desir%C3%A9_Wilson,Wilson,South African
ertl,9.18979E+11,\N,http://en.wikipedia.org/wiki/Harald_Ertl,Ertl,Austrian
brambilla,9.18979E+11,\N,http://en.wikipedia.org/wiki/Vittorio_Brambilla,Brambilla,Italian
hunt,9.18979E+11,\N,http://en.wikipedia.org/wiki/James_Hunt,Hunt,British
merzario,9.18979E+11,\N,http://en.wikipedia.org/wiki/Arturo_Merzario,Merzario,Italian
stuck,9.18979E+11,\N,http://en.wikipedia.org/wiki/Hans_Joachim_Stuck,Stuck,German
brancatelli,9.18979E+11,\N,http://en.wikipedia.org/wiki/Gianfranco_Brancatelli,Brancatelli,Italian
ickx,9.18979E+11,\N,http://en.wikipedia.org/wiki/Jacky_Ickx,Ickx,Belgian
gaillard,9.18979E+11,\N,http://en.wikipedia.org/wiki/Patrick_Gaillard,Gaillard,French
ribeiro,9.18979E+11,\N,http://en.wikipedia.org/wiki/Alex_Ribeiro,Ribeiro,Brazilian
peterson,9.18979E+11,\N,http://en.wikipedia.org/wiki/Ronnie_Peterson,Peterson,Swedish
lunger,9.18979E+11,\N,http://en.wikipedia.org/wiki/Brett_Lunger,Lunger,American
ongais,9.18979E+11,\N,http://en.wikipedia.org/wiki/Danny_Ongais,Ongais,American
leoni,9.18979E+11,\N,http://en.wikipedia.org/wiki/Lamberto_Leoni,Leoni,Italian
galica,9.18979E+11,\N,http://en.wikipedia.org/wiki/Divina_Galica,Galica,British
stommelen,9.18979E+11,\N,http://en.wikipedia.org/wiki/Rolf_Stommelen,Stommelen,German
colombo,9.18979E+11,\N,http://en.wikipedia.org/wiki/Alberto_Colombo,Colombo,Italian
trimmer,9.18979E+11,\N,http://en.wikipedia.org/wiki/Tony_Trimmer,Trimmer,British
binder,9.18979E+11,\N,http://en.wikipedia.org/wiki/Hans_Binder,Binder,Austrian
bleekemolen,9.18979E+11,\N,http://en.wikipedia.org/wiki/Michael_Bleekemolen,Bleekemolen,Dutch
gimax,9.18979E+11,\N,http://en.wikipedia.org/wiki/Gimax,Franchi,Italian
rahal,9.18979E+11,\N,http://en.wikipedia.org/wiki/Bobby_Rahal,Rahal,American
pace,9.18979E+11,\N,http://en.wikipedia.org/wiki/Carlos_Pace,Pace,Brazilian
ian_scheckter,9.18979E+11,\N,http://en.wikipedia.org/wiki/Ian_Scheckter,Scheckter,South African
pryce,9.18979E+11,\N,http://en.wikipedia.org/wiki/Tom_Pryce,Pryce,British
hoffmann,9.18979E+11,\N,http://en.wikipedia.org/wiki/Ingo_Hoffmann,Hoffmann,Brazilian
zorzi,9.18979E+11,\N,http://en.wikipedia.org/wiki/Renzo_Zorzi,Zorzi,Italian
nilsson,9.18979E+11,\N,http://en.wikipedia.org/wiki/Gunnar_Nilsson,Nilsson,Swedish
perkins,9.18979E+11,\N,http://en.wikipedia.org/wiki/Larry_Perkins,Perkins,Australian
hayje,9.18979E+11,\N,http://en.wikipedia.org/wiki/Boy_Hayje,Lunger,Dutch
neve,9.18979E+11,\N,http://en.wikipedia.org/wiki/Patrick_Neve,Nève,Belgian
purley,9.18979E+11,\N,http://en.wikipedia.org/wiki/David_Purley,Purley,British
andersson,9.18979E+11,\N,http://en.wikipedia.org/wiki/Conny_Andersson_(racing_driver),Andersson,Swedish
dryver,9.18979E+11,\N,http://en.wikipedia.org/wiki/Bernard_de_Dryver,de Dryver,Belgian
oliver,9.18979E+11,\N,http://en.wikipedia.org/wiki/Jackie_Oliver,Oliver,British
kozarowitzky,9.18979E+11,\N,http://en.wikipedia.org/wiki/Mikko_Kozarowitzky,Kozarowitzky,Finnish
sutcliffe,9.18979E+11,\N,http://en.wikipedia.org/wiki/Andy_Sutcliffe,Sutcliffe,British
edwards,9.18979E+11,\N,http://en.wikipedia.org/wiki/Guy_Edwards,Edwards,British
mcguire,9.18979E+11,\N,http://en.wikipedia.org/wiki/Brian_McGuire,McGuire,Australian
schuppan,9.18979E+11,\N,http://en.wikipedia.org/wiki/Vern_Schuppan,Schuppan,Australian
heyer,9.18979E+11,\N,http://en.wikipedia.org/wiki/Hans_Heyer,Heyer,German
pilette,9.18979E+11,\N,http://en.wikipedia.org/wiki/Teddy_Pilette,Pilette,Belgian
ashley,9.18979E+11,\N,http://en.wikipedia.org/wiki/Ian_Ashley,Ashley,British
kessel,9.18979E+11,\N,http://en.wikipedia.org/wiki/Loris_Kessel,Kessel,Swiss
takahashi,9.18979E+11,\N,http://en.wikipedia.org/wiki/Kunimitsu_Takahashi,Takahashi,Japanese
hoshino,9.18979E+11,\N,http://en.wikipedia.org/wiki/Kazuyoshi_Hoshino,Hoshino,Japanese
takahara,9.18979E+11,\N,http://en.wikipedia.org/wiki/Noritake_Takahara,Takahara,Japanese
lombardi,9.18979E+11,\N,http://en.wikipedia.org/wiki/Lella_Lombardi,Lombardi,Italian
evans,9.18979E+11,\N,http://en.wikipedia.org/wiki/Bob_Evans_(race_driver),Evans,British
leclere,9.18979E+11,\N,http://en.wikipedia.org/wiki/Michel_Lecl%C3%A8re,Leclère,French
amon,9.18979E+11,\N,http://en.wikipedia.org/wiki/Chris_Amon,Amon,New Zealander
zapico,9.18979E+11,\N,http://en.wikipedia.org/wiki/Emilio_Zapico,Zapico,Spanish
pescarolo,9.18979E+11,\N,http://en.wikipedia.org/wiki/Henri_Pescarolo,Pescarolo,French
nelleman,9.18979E+11,\N,http://en.wikipedia.org/wiki/Jac_Nelleman,Nelleman,Danish
magee,9.18979E+11,\N,http://en.wikipedia.org/wiki/Damien_Magee,Magee,British
wilds,9.18979E+11,\N,http://en.wikipedia.org/wiki/Mike_Wilds,Wilds,British
pesenti_rossi,9.18979E+11,\N,http://en.wikipedia.org/wiki/Alessandro_Pesenti-Rossi,Pesenti-Rossi,Italian
stuppacher,9.18979E+11,\N,http://en.wikipedia.org/wiki/Otto_Stuppacher,Stuppacher,Austrian
brown,9.18979E+11,\N,http://en.wikipedia.org/wiki/Warwick_Brown,Brown,Australian
hasemi,9.18979E+11,\N,http://en.wikipedia.org/wiki/Masahiro_Hasemi,Hasemi,Japanese
donohue,9.18979E+11,\N,http://en.wikipedia.org/wiki/Mark_Donohue,Donohue,American
hill,9.18979E+11,\N,http://en.wikipedia.org/wiki/Graham_Hill,Hill,British
wilson_fittipaldi,9.18979E+11,\N,http://en.wikipedia.org/wiki/Wilson_Fittipaldi,Fittipaldi,Brazilian
tunmer,9.18979E+11,\N,http://en.wikipedia.org/wiki/Guy_Tunmer,Tunmer,South African
keizan,9.18979E+11,\N,http://en.wikipedia.org/wiki/Eddie_Keizan,Keizan,South African
charlton,9.18979E+11,\N,http://en.wikipedia.org/wiki/Dave_Charlton,Charlton,South African
brise,9.18979E+11,\N,http://en.wikipedia.org/wiki/Tony_Brise,Brise,British
wunderink,9.18979E+11,\N,http://en.wikipedia.org/wiki/Roelof_Wunderink,Wunderink,Dutch
migault,9.18979E+11,\N,http://en.wikipedia.org/wiki/Fran%C3%A7ois_Migault,Migault,French
palm,9.18979E+11,\N,http://en.wikipedia.org/wiki/Torsten_Palm,Palm,Swedish
lennep,9.18979E+11,\N,http://en.wikipedia.org/wiki/Gijs_Van_Lennep,van Lennep,Dutch
fushida,9.18979E+11,\N,http://en.wikipedia.org/wiki/Hiroshi_Fushida,Fushida,Japanese
nicholson,9.18979E+11,\N,http://en.wikipedia.org/wiki/John_Nicholson_(racing_driver),Nicholson,New Zealander
morgan,9.18979E+11,\N,http://en.wikipedia.org/wiki/Dave_Morgan_(racing_driver),Morgan,British
crawford,9.18979E+11,\N,http://en.wikipedia.org/wiki/Jim_Crawford_(driver),Crawford,British
vonlanthen,9.18979E+11,\N,http://en.wikipedia.org/wiki/Jo_Vonlanthen,Vonlanthen,Swiss
hulme,9.18979E+11,\N,http://en.wikipedia.org/wiki/Denny_Hulme,Hulme,New Zealander
hailwood,9.18979E+11,\N,http://en.wikipedia.org/wiki/Mike_Hailwood,Hailwood,British
beltoise,9.18979E+11,\N,http://en.wikipedia.org/wiki/Jean-Pierre_Beltoise,Beltoise,French
ganley,9.18979E+11,\N,http://en.wikipedia.org/wiki/Howden_Ganley,Ganley,New Zealander
robarts,9.18979E+11,\N,http://en.wikipedia.org/wiki/Richard_Robarts,Robarts,British
revson,9.18979E+11,\N,http://en.wikipedia.org/wiki/Peter_Revson,Revson,American
driver,9.18979E+11,\N,http://en.wikipedia.org/wiki/Paddy_Driver,Driver,South African
belso,9.18979E+11,\N,http://en.wikipedia.org/wiki/Tom_Bels%C3%B8,Belsø,Danish
redman,9.18979E+11,\N,http://en.wikipedia.org/wiki/Brian_Redman,Redman,British
opel,9.18979E+11,\N,http://en.wikipedia.org/wiki/Rikky_von_Opel,von Opel,Liechtensteiner
schenken,9.18979E+11,\N,http://en.wikipedia.org/wiki/Tim_Schenken,Schenken,Australian
larrousse,9.18979E+11,\N,http://en.wikipedia.org/wiki/G%C3%A9rard_Larrousse,Larrousse,French
kinnunen,9.18979E+11,\N,http://en.wikipedia.org/wiki/Leo_Kinnunen,Kinnunen,Finnish
wisell,9.18979E+11,\N,http://en.wikipedia.org/wiki/Reine_Wisell,Wisell,Swedish
roos,9.18979E+11,\N,http://en.wikipedia.org/wiki/Bertil_Roos,Roos,Swedish
dolhem,9.18979E+11,\N,http://en.wikipedia.org/wiki/Jos%C3%A9_Dolhem,Dolhem,French
gethin,9.18979E+11,\N,http://en.wikipedia.org/wiki/Peter_Gethin,Gethin,British
bell,9.18979E+11,\N,http://en.wikipedia.org/wiki/Derek_Bell_(auto_racer),Bell,British
hobbs,9.18979E+11,\N,http://en.wikipedia.org/wiki/David_Hobbs_(racing_driver),Hobbs,British
quester,9.18979E+11,\N,http://en.wikipedia.org/wiki/Dieter_Quester,Quester,Austrian
koinigg,9.18979E+11,\N,http://en.wikipedia.org/wiki/Helmuth_Koinigg,Koinigg,Austrian
facetti,9.18979E+11,\N,http://en.wikipedia.org/wiki/Carlo_Facetti,Facetti,Italian
wietzes,9.18979E+11,\N,http://en.wikipedia.org/wiki/Eppie_Wietzes,Wietzes,Canadian
cevert,9.18979E+11,\N,http://en.wikipedia.org/wiki/Fran%C3%A7ois_Cevert,Cevert,French
stewart,9.18979E+11,\N,http://en.wikipedia.org/wiki/Jackie_Stewart,Stewart,British
beuttler,9.18979E+11,\N,http://en.wikipedia.org/wiki/Mike_Beuttler,Beuttler,British
galli,9.18979E+11,\N,http://en.wikipedia.org/wiki/Nanni_Galli,Galli,Italian
bueno,9.18979E+11,\N,http://en.wikipedia.org/wiki/Luiz_Bueno,Bueno,Brazilian
follmer,9.18979E+11,\N,http://en.wikipedia.org/wiki/George_Follmer,Follmer,American
adamich,9.18979E+11,\N,http://en.wikipedia.org/wiki/Andrea_de_Adamich,de Adamich,Italian
pretorius,9.18979E+11,\N,http://en.wikipedia.org/wiki/Jackie_Pretorius,Pretorius,South African
williamson,9.18979E+11,\N,http://en.wikipedia.org/wiki/Roger_Williamson,Williamson,British
mcrae,9.18979E+11,\N,http://en.wikipedia.org/wiki/Graham_McRae,McRae,New Zealander
marko,9.18979E+11,\N,http://en.wikipedia.org/wiki/Helmut_Marko,Marko,Austrian
walker,9.18979E+11,\N,http://en.wikipedia.org/wiki/David_Walker_(racing_driver),Walker,Australian
roig,9.18979E+11,\N,http://en.wikipedia.org/wiki/Alex_Soler-Roig,Soler-Roig,Spanish
love,9.18979E+11,\N,http://en.wikipedia.org/wiki/John_Love_(racing_driver),Love,Rhodesian
surtees,9.18979E+11,\N,http://en.wikipedia.org/wiki/John_Surtees,Surtees,British
barber,9.18979E+11,\N,http://en.wikipedia.org/wiki/Skip_Barber,Barber,American
brack,9.18979E+11,\N,http://en.wikipedia.org/wiki/Bill_Brack,Brack,Canadian
posey,9.18979E+11,\N,http://en.wikipedia.org/wiki/Sam_Posey,Posey,American
rodriguez,9.18979E+11,\N,http://en.wikipedia.org/wiki/Pedro_Rodr%C3%ADguez_(racing_driver),Rodríguez,Mexican
siffert,9.18979E+11,\N,http://en.wikipedia.org/wiki/Jo_Siffert,Siffert,Swiss
bonnier,9.18979E+11,\N,http://en.wikipedia.org/wiki/Joakim_Bonnier,Bonnier,Swedish
mazet,9.18979E+11,\N,http://en.wikipedia.org/wiki/Fran%C3%A7ois_Mazet,Mazet,French
jean,9.18979E+11,\N,http://en.wikipedia.org/wiki/Max_Jean,Jean,French
elford,9.18979E+11,\N,http://en.wikipedia.org/wiki/Vic_Elford,Elford,British
moser,9.18979E+11,\N,http://en.wikipedia.org/wiki/Silvio_Moser,Moser,Swiss
eaton,9.18979E+11,\N,http://en.wikipedia.org/wiki/George_Eaton,Eaton,Canadian
lovely,9.18979E+11,\N,http://en.wikipedia.org/wiki/Pete_Lovely,Lovely,American
craft,9.18979E+11,\N,http://en.wikipedia.org/wiki/Chris_Craft_(racing_driver),Craft,British
Cannoc,9.18979E+11,\N,http://en.wikipedia.org/wiki/John_Cannon_(auto_racer),Cannon,Canadian
jack_brabham,9.18979E+11,\N,http://en.wikipedia.org/wiki/Jack_Brabham,Brabham,Australian
miles,9.18979E+11,\N,http://en.wikipedia.org/wiki/John_Miles_(auto_racer),Miles,British
rindt,9.18979E+11,\N,http://en.wikipedia.org/wiki/Jochen_Rindt,Rindt,Austrian
gavin,9.18979E+11,\N,http://en.wikipedia.org/wiki/Johnny_Servoz-Gavin,Servoz-Gavin,French
mclaren,9.18979E+11,\N,http://en.wikipedia.org/wiki/Bruce_McLaren,McLaren,New Zealander
courage,9.18979E+11,\N,http://en.wikipedia.org/wiki/Piers_Courage,Courage,British
klerk,9.18979E+11,\N,http://en.wikipedia.org/wiki/Peter_de_Klerk,de Klerk,South African
giunti,9.18979E+11,\N,http://en.wikipedia.org/wiki/Ignazio_Giunti,Giunti,Italian
gurney,9.18979E+11,\N,http://en.wikipedia.org/wiki/Dan_Gurney,Gurney,American
hahne,9.18979E+11,\N,http://en.wikipedia.org/wiki/Hubert_Hahne,Hahne,German
hutchison,9.18979E+11,\N,http://en.wikipedia.org/wiki/Gus_Hutchison,Hutchison,American
westbury,9.18979E+11,\N,http://en.wikipedia.org/wiki/Peter_Westbury,Westbury,British
tingle,9.18979E+11,\N,http://en.wikipedia.org/wiki/Sam_Tingle,Tingle,Rhodesian
rooyen,9.18979E+11,\N,http://en.wikipedia.org/wiki/Basil_van_Rooyen,van Rooyen,South African
attwood,9.18979E+11,\N,http://en.wikipedia.org/wiki/Richard_Attwood,Attwood,British
pease,9.18979E+11,\N,http://en.wikipedia.org/wiki/Al_Pease,Pease,Canadian
cordts,9.18979E+11,\N,http://en.wikipedia.org/wiki/John_Cordts,Cordts,Canadian
clark,9.18979E+11,\N,http://en.wikipedia.org/wiki/Jim_Clark,Clark,British
spence,9.18979E+11,\N,http://en.wikipedia.org/wiki/Mike_Spence,Spence,British
scarfiotti,9.18979E+11,\N,http://en.wikipedia.org/wiki/Ludovico_Scarfiotti,Scarfiotti,Italian
bianchi,9.18979E+11,BIA,http://en.wikipedia.org/wiki/Lucien_Bianchi,Bianchi,Belgian
jo_schlesser,9.18979E+11,\N,http://en.wikipedia.org/wiki/Jo_Schlesser,Schlesser,French
widdows,9.18979E+11,\N,http://en.wikipedia.org/wiki/Robin_Widdows,Widdows,British
ahrens,9.18979E+11,\N,"http://en.wikipedia.org/wiki/Kurt_Ahrens,_Jr.",Ahrens,German
gardner,9.18979E+11,\N,http://en.wikipedia.org/wiki/Frank_Gardner_(driver),Gardner,Australian
unser,9.18979E+11,\N,http://en.wikipedia.org/wiki/Bobby_Unser,Unser,American
solana,9.18979E+11,\N,http://en.wikipedia.org/wiki/Mois%C3%A9s_Solana,Solana,Mexican
anderson,9.18979E+11,\N,http://en.wikipedia.org/wiki/Bob_Anderson_(racing_driver),Anderson,British
botha,9.18979E+11,\N,http://en.wikipedia.org/wiki/Luki_Botha,Botha,South African
bandini,9.18979E+11,\N,http://en.wikipedia.org/wiki/Lorenzo_Bandini,Bandini,Italian
ginther,9.18979E+11,\N,http://en.wikipedia.org/wiki/Richie_Ginther,Ginther,American
parkes,9.18979E+11,\N,http://en.wikipedia.org/wiki/Mike_Parkes,Parkes,British
irwin,9.18979E+11,\N,http://en.wikipedia.org/wiki/Chris_Irwin,Irwin,British
ligier,9.18979E+11,\N,http://en.wikipedia.org/wiki/Guy_Ligier,Ligier,French
rees,9.18979E+11,\N,http://en.wikipedia.org/wiki/Alan_Rees_(racing_driver),Rees,British
hart,9.18979E+11,\N,http://en.wikipedia.org/wiki/Brian_Hart,Hart,British
fisher,9.18979E+11,\N,http://en.wikipedia.org/wiki/Mike_Fisher_(driver),Fisher,American
tom_jones,9.18979E+11,\N,http://en.wikipedia.org/wiki/Tom_Jones_(auto_racer),Jones,American
baghetti,9.18979E+11,\N,http://en.wikipedia.org/wiki/Giancarlo_Baghetti,Baghetti,Italian
williams,9.18979E+11,\N,http://en.wikipedia.org/wiki/Jonathan_Williams_(racing_driver),Williams,British
bondurant,9.18979E+11,\N,http://en.wikipedia.org/wiki/Bob_Bondurant,Bondurant,American
arundell,9.18979E+11,\N,http://en.wikipedia.org/wiki/Peter_Arundell,Arundell,British
vic_wilson,9.18979E+11,\N,http://en.wikipedia.org/wiki/Vic_Wilson_(motor_racing_driver),Wilson,British
taylor,9.18979E+11,\N,http://en.wikipedia.org/wiki/John_Taylor_(racer),Taylor,British
lawrence,9.18979E+11,\N,http://en.wikipedia.org/wiki/Chris_Lawrence_(racing_driver),Lawrence,British
trevor_taylor,9.18979E+11,\N,http://en.wikipedia.org/wiki/Trevor_Taylor,Taylor,British
geki,9.18979E+11,\N,http://en.wikipedia.org/wiki/Geki_(driver),Russo,Italian
phil_hill,9.18979E+11,\N,http://en.wikipedia.org/wiki/Phil_Hill,Hill,American
ireland,9.18979E+11,\N,http://en.wikipedia.org/wiki/Innes_Ireland,Ireland,British
bucknum,9.18979E+11,\N,http://en.wikipedia.org/wiki/Ronnie_Bucknum,Bucknum,American
hawkins,9.18979E+11,\N,http://en.wikipedia.org/wiki/Paul_Hawkins_(racing_driver),Hawkins,Australian
prophet,9.18979E+11,\N,http://en.wikipedia.org/wiki/David_Prophet,Prophet,British
maggs,9.18979E+11,\N,http://en.wikipedia.org/wiki/Tony_Maggs,Maggs,South African
blokdyk,9.18979E+11,\N,http://en.wikipedia.org/wiki/Trevor_Blokdyk,Blokdyk,South African
lederle,9.18979E+11,\N,http://en.wikipedia.org/wiki/Neville_Lederle,Lederle,South African
serrurier,9.18979E+11,\N,http://en.wikipedia.org/wiki/Doug_Serrurier,Serrurier,South African
niemann,9.18979E+11,\N,http://en.wikipedia.org/wiki/Brausch_Niemann,Niemann,South African
pieterse,9.18979E+11,\N,http://en.wikipedia.org/wiki/Ernie_Pieterse,Pieterse,South African
puzey,9.18979E+11,\N,http://en.wikipedia.org/wiki/Clive_Puzey,Puzey,Rhodesian
reed,9.18979E+11,\N,http://en.wikipedia.org/wiki/Ray_Reed,Reed,South African
clapham,9.18979E+11,\N,http://en.wikipedia.org/wiki/David_Clapham,Clapham,South African
blignaut,9.18979E+11,\N,http://en.wikipedia.org/wiki/Alex_Blignaut,Blignaut,South African
gregory,9.18979E+11,\N,http://en.wikipedia.org/wiki/Masten_Gregory,Gregory,American
rhodes,9.18979E+11,\N,http://en.wikipedia.org/wiki/John_Rhodes_(driver),Rhodes,British
raby,9.18979E+11,\N,http://en.wikipedia.org/wiki/Ian_Raby,Raby,British
rollinson,9.18979E+11,\N,http://en.wikipedia.org/wiki/Alan_Rollinson,Rollinson,British
gubby,9.18979E+11,\N,http://en.wikipedia.org/wiki/Brian_Gubby,Gubby,British
mitter,9.18979E+11,\N,http://en.wikipedia.org/wiki/Gerhard_Mitter,Mitter,German
bussinello,9.18979E+11,\N,http://en.wikipedia.org/wiki/Roberto_Bussinello,Bussinello,Italian
vaccarella,9.18979E+11,\N,http://en.wikipedia.org/wiki/Nino_Vaccarella,Vaccarella,Italian
bassi,9.18979E+11,\N,http://en.wikipedia.org/wiki/Giorgio_Bassi,Bassi,Italian
trintignant,9.18979E+11,\N,http://en.wikipedia.org/wiki/Maurice_Trintignant,Trintignant,French
collomb,9.18979E+11,\N,http://en.wikipedia.org/wiki/Bernard_Collomb,Collomb,French
andre_pilette,9.18979E+11,\N,http://en.wikipedia.org/wiki/Andr%C3%A9_Pilette,Pilette,Belgian
beaufort,9.18979E+11,\N,http://en.wikipedia.org/wiki/Carel_Godin_de_Beaufort,de Beaufort,Dutch
barth,9.18979E+11,\N,http://en.wikipedia.org/wiki/Edgar_Barth,Barth,German
cabral,9.18979E+11,\N,http://en.wikipedia.org/wiki/Mario_de_Araujo_Cabral,Cabral,Portuguese
hansgen,9.18979E+11,\N,http://en.wikipedia.org/wiki/Walt_Hansgen,Hansgen,American
sharp,9.18979E+11,\N,http://en.wikipedia.org/wiki/Hap_Sharp,Sharp,American
mairesse,9.18979E+11,\N,http://en.wikipedia.org/wiki/Willy_Mairesse,Mairesse,Belgian
campbell-jones,9.18979E+11,\N,http://en.wikipedia.org/wiki/John_Campbell-Jones,Campbell-Jones,British
burgess,9.18979E+11,\N,http://en.wikipedia.org/wiki/Ian_Burgess,Burgess,British
settember,9.18979E+11,\N,http://en.wikipedia.org/wiki/Tony_Settember,Settember,American
estefano,9.18979E+11,\N,http://en.wikipedia.org/wiki/Nasif_Est%C3%A9fano,Estéfano,Argentine
hall,9.18979E+11,\N,http://en.wikipedia.org/wiki/Jim_Hall_(race_car_driver),Hall,American
parnell,9.18979E+11,\N,http://en.wikipedia.org/wiki/Tim_Parnell,Parnell,British
kuhnke,9.18979E+11,\N,http://en.wikipedia.org/wiki/Kurt_Kuhnke,Kuhnke,German
ernesto_brambilla,9.18979E+11,\N,http://en.wikipedia.org/wiki/Ernesto_Brambilla,Brambilla,Italian
lippi,9.18979E+11,\N,http://en.wikipedia.org/wiki/Roberto_Lippi,Lippi,Italian
seiffert,9.18979E+11,\N,http://en.wikipedia.org/wiki/G%C3%BCnther_Seiffert,Seiffert,German
abate,9.18979E+11,\N,http://en.wikipedia.org/wiki/Carlo_Mario_Abate,Abate,Italian
starrabba,9.18979E+11,\N,http://en.wikipedia.org/wiki/Gaetano_Starrabba,Starrabba,Italian
broeker,9.18979E+11,\N,http://en.wikipedia.org/wiki/Peter_Broeker,Broeker,Canadian
ward,9.18979E+11,\N,http://en.wikipedia.org/wiki/Rodger_Ward,Ward,American
vos,9.18979E+11,\N,http://en.wikipedia.org/wiki/Ernie_de_Vos,de Vos,Dutch
dochnal,9.18979E+11,\N,http://en.wikipedia.org/wiki/Frank_Dochnal,Dochnal,American
monarch,9.18979E+11,\N,http://en.wikipedia.org/wiki/Talk:1963_Mexican_Grand_Prix#Who_was_Thomas_Monarch.3F,Monarch,American
gasly,9.18979E+11,GAS,http://en.wikipedia.org/wiki/Pierre_Gasly,Gasly,French
lewis,9.18979E+11,\N,http://en.wikipedia.org/wiki/Jackie_Lewis,Lewis,British
ricardo_rodriguez,9.18979E+11,\N,http://en.wikipedia.org/wiki/Ricardo_Rodr%C3%ADguez_(Formula_One),Rodríguez,Mexican
seidel,9.18979E+11,\N,http://en.wikipedia.org/wiki/Wolfgang_Seidel,Seidel,German
salvadori,9.18979E+11,\N,http://en.wikipedia.org/wiki/Roy_Salvadori,Salvadori,British
pon,9.18979E+11,\N,http://en.wikipedia.org/wiki/Ben_Pon,Pon,Dutch
slotemaker,9.18979E+11,\N,http://en.wikipedia.org/wiki/Rob_Slotemaker,Slotemaker,Dutch
marsh,9.18979E+11,\N,http://en.wikipedia.org/wiki/Tony_Marsh_(racing_driver),Marsh,British
ashmore,9.18979E+11,\N,http://en.wikipedia.org/wiki/Gerry_Ashmore,Ashmore,British
schiller,9.18979E+11,\N,http://en.wikipedia.org/wiki/Heinz_Schiller,Schiller,Swiss
davis,9.18979E+11,\N,http://en.wikipedia.org/wiki/Colin_Davis_(driver),Davis,British
chamberlain,9.18979E+11,\N,http://en.wikipedia.org/wiki/Jay_Chamberlain,Chamberlain,American
shelly,9.18979E+11,\N,http://en.wikipedia.org/wiki/Tony_Shelly,Shelly,New Zealander
greene,9.18979E+11,\N,http://en.wikipedia.org/wiki/Keith_Greene,Greene,British
walter,9.18979E+11,\N,http://en.wikipedia.org/wiki/Heini_Walter,Walter,Swiss
prinoth,9.18979E+11,\N,http://en.wikipedia.org/wiki/Ernesto_Prinoth,Prinoth,Italian
penske,9.18979E+11,\N,http://en.wikipedia.org/wiki/Roger_Penske,Penske,American
schroeder,9.18979E+11,\N,http://en.wikipedia.org/wiki/Rob_Schroeder,Schroeder,British
mayer,9.18979E+11,\N,http://en.wikipedia.org/wiki/Timmy_Mayer,Mayer,American
johnstone,9.18979E+11,\N,http://en.wikipedia.org/wiki/Bruce_Johnstone_(racing_driver),Johnstone,South African
harris,9.18979E+11,\N,http://en.wikipedia.org/wiki/Mike_Harris_(race_car_driver),Harris,South African
hocking,9.18979E+11,\N,http://en.wikipedia.org/wiki/Gary_Hocking,Hocking,Rhodesian
vyver,9.18979E+11,\N,http://en.wikipedia.org/wiki/Syd_van_der_Vyver,van der Vyver,South African
moss,9.18979E+11,\N,http://en.wikipedia.org/wiki/Stirling_Moss,Moss,British
trips,9.18979E+11,\N,http://en.wikipedia.org/wiki/Wolfgang_Graf_Berghe_von_Trips,von Trips,German
allison,9.18979E+11,\N,http://en.wikipedia.org/wiki/Cliff_Allison,Allison,British
herrmann,9.18979E+11,\N,http://en.wikipedia.org/wiki/Hans_Herrmann,Herrmann,German
brooks,9.18979E+11,\N,http://en.wikipedia.org/wiki/Tony_Brooks,Brooks,British
may,9.18979E+11,\N,http://en.wikipedia.org/wiki/Michael_May_(racing_driver),May,Swiss
henry_taylor,9.18979E+11,\N,http://en.wikipedia.org/wiki/Henry_Taylor_(racing_driver),Taylor,British
gendebien,9.18979E+11,\N,http://en.wikipedia.org/wiki/Olivier_Gendebien,Gendebien,Belgian
scarlatti,9.18979E+11,\N,http://en.wikipedia.org/wiki/Giorgio_Scarlatti,Scarlatti,Italian
naylor,9.18979E+11,\N,http://en.wikipedia.org/wiki/Brian_Naylor,Naylor,British
bordeu,9.18979E+11,\N,http://en.wikipedia.org/wiki/Juan_Manuel_Bordeu,Bordeu,Argentine
fairman,9.18979E+11,\N,http://en.wikipedia.org/wiki/Jack_Fairman,Fairman,British
natili,9.18979E+11,\N,http://en.wikipedia.org/wiki/Massimo_Natili,Natili,Italian
monteverdi,9.18979E+11,\N,http://en.wikipedia.org/wiki/Peter_Monteverdi,Monteverdi,Swiss
pirocchi,9.18979E+11,\N,http://en.wikipedia.org/wiki/Renato_Pirocchi,Pirocchi,Italian
duke,9.18979E+11,\N,http://en.wikipedia.org/wiki/Geoff_Duke,Duke,British
thiele,9.18979E+11,\N,http://en.wikipedia.org/wiki/Alfonso_Thiele,Thiele,American-Italian
boffa,9.18979E+11,\N,http://en.wikipedia.org/wiki/Menato_Boffa,Boffa,Italian
ryan,9.18979E+11,\N,http://en.wikipedia.org/wiki/Peter_Ryan_(driver),Ryan,Canadian
ruby,9.18979E+11,\N,http://en.wikipedia.org/wiki/Lloyd_Ruby,Ruby,American
ken_miles,9.18979E+11,\N,http://en.wikipedia.org/wiki/Ken_Miles,Miles,British
menditeguy,9.18979E+11,\N,http://en.wikipedia.org/wiki/Carlos_Menditeguy,Menditeguy,Argentine
larreta,9.18979E+11,\N,http://en.wikipedia.org/wiki/Alberto_Rodriguez_Larreta,Larreta,Argentine
gonzalez,9.18979E+11,\N,http://en.wikipedia.org/wiki/Jos%C3%A9_Froil%C3%A1n_Gonz%C3%A1lez,González,Argentine
bonomi,9.18979E+11,\N,http://en.wikipedia.org/wiki/Roberto_Bonomi,Bonomi,Argentine
munaron,9.18979E+11,\N,http://en.wikipedia.org/wiki/Gino_Munaron,Munaron,Italian
schell,9.18979E+11,\N,http://en.wikipedia.org/wiki/Harry_Schell,Schell,American
stacey,9.18979E+11,\N,http://en.wikipedia.org/wiki/Alan_Stacey,Stacey,British
chimeri,9.18979E+11,\N,http://en.wikipedia.org/wiki/Ettore_Chimeri,Chimeri,Venezuelan
creus,9.18979E+11,\N,http://en.wikipedia.org/wiki/Antonio_Creus,Creus,Spanish
bristow,9.18979E+11,\N,http://en.wikipedia.org/wiki/Chris_Bristow,Bristow,British
halford,9.18979E+11,\N,http://en.wikipedia.org/wiki/Bruce_Halford,Halford,British
daigh,9.18979E+11,\N,http://en.wikipedia.org/wiki/Chuck_Daigh,Daigh,American
reventlow,9.18979E+11,\N,http://en.wikipedia.org/wiki/Lance_Reventlow,Reventlow,American
rathmann,9.18979E+11,\N,http://en.wikipedia.org/wiki/Jim_Rathmann,Rathmann,American
goldsmith,9.18979E+11,\N,http://en.wikipedia.org/wiki/Paul_Goldsmith,Goldsmith,American
branson,9.18979E+11,\N,http://en.wikipedia.org/wiki/Don_Branson,Branson,American
thomson,9.18979E+11,\N,http://en.wikipedia.org/wiki/Johnny_Thomson,Thomson,American
johnson,9.18979E+11,\N,http://en.wikipedia.org/wiki/Eddie_Johnson_(auto_racer),Johnson,American
veith,9.18979E+11,\N,http://en.wikipedia.org/wiki/Bob_Veith,Veith,American
tingelstad,9.18979E+11,\N,http://en.wikipedia.org/wiki/Bud_Tingelstad,Tingelstad,American
christie,9.18979E+11,\N,http://en.wikipedia.org/wiki/Bob_Christie_(racing_driver),Christie,American
amick,9.18979E+11,\N,http://en.wikipedia.org/wiki/Red_Amick,Amick,American
darter,9.18979E+11,\N,http://en.wikipedia.org/wiki/Duane_Carter,Carter,American
homeier,9.18979E+11,\N,http://en.wikipedia.org/wiki/Bill_Homeier,Homeier,American
hartley,9.18979E+11,\N,http://en.wikipedia.org/wiki/Gene_Hartley,Hartley,American
stevenson,9.18979E+11,\N,http://en.wikipedia.org/wiki/Chuck_Stevenson,Stevenson,American
grim,9.18979E+11,\N,http://en.wikipedia.org/wiki/Bobby_Grim,Grim,American
templeman,9.18979E+11,\N,http://en.wikipedia.org/wiki/Shorty_Templeman,Templeman,American
hurtubise,9.18979E+11,\N,http://en.wikipedia.org/wiki/Jim_Hurtubise,Hurtubise,American
bryan,9.18979E+11,\N,http://en.wikipedia.org/wiki/Jimmy_Bryan,Bryan,American
ruttman,9.18979E+11,\N,http://en.wikipedia.org/wiki/Troy_Ruttman,Ruttman,American
sachs,9.18979E+11,\N,http://en.wikipedia.org/wiki/Eddie_Sachs,Sachs,American
freeland,9.18979E+11,\N,http://en.wikipedia.org/wiki/Don_Freeland,Freeland,American
bettenhausen,9.18979E+11,\N,http://en.wikipedia.org/wiki/Tony_Bettenhausen,Bettenhausen,American
weiler,9.18979E+11,\N,http://en.wikipedia.org/wiki/Wayne_Weiler,Weiler,American
foyt,9.18979E+11,\N,http://en.wikipedia.org/wiki/A.J._Foyt,Foyt,American
russo,9.18979E+11,\N,http://en.wikipedia.org/wiki/Eddie_Russo,Russo,American
boyd,9.18979E+11,\N,http://en.wikipedia.org/wiki/Johnny_Boyd,Boyd,American
force,9.18979E+11,\N,http://en.wikipedia.org/wiki/Gene_Force,Force,American
mcwithey,9.18979E+11,\N,http://en.wikipedia.org/wiki/Jim_McWithey,McWithey,American
sutton,9.18979E+11,\N,http://en.wikipedia.org/wiki/Len_Sutton,Sutton,American
dick_rathmann,9.18979E+11,\N,http://en.wikipedia.org/wiki/Dick_Rathmann,Rathmann,American
herman,9.18979E+11,\N,http://en.wikipedia.org/wiki/Al_Herman,Herman,American
dempsey_wilson,9.18979E+11,\N,http://en.wikipedia.org/wiki/Dempsey_Wilson,Wilson,American
mike_taylor,9.18979E+11,\N,http://en.wikipedia.org/wiki/Mike_Taylor_(driver),Taylor,British
flockhart,9.18979E+11,\N,http://en.wikipedia.org/wiki/Ron_Flockhart_(auto_racing),Flockhart,British
piper,9.18979E+11,\N,http://en.wikipedia.org/wiki/David_Piper,Piper,British
cabianca,9.18979E+11,\N,http://en.wikipedia.org/wiki/Giulio_Cabianca,Cabianca,Italian
drogo,9.18979E+11,\N,http://en.wikipedia.org/wiki/Piero_Drogo,Drogo,Italian
gamble,9.18979E+11,\N,http://en.wikipedia.org/wiki/Fred_Gamble_(racing_driver),Gamble,American
owen,9.18979E+11,\N,http://en.wikipedia.org/wiki/Arthur_Owen,Owen,British
gould,9.18979E+11,\N,http://en.wikipedia.org/wiki/Horace_Gould,Gould,British
drake,9.18979E+11,\N,http://en.wikipedia.org/wiki/Bob_Drake_(Formula_One),Drake,American
bueb,9.18979E+11,\N,http://en.wikipedia.org/wiki/Ivor_Bueb,Bueb,British
Changy,9.18979E+11,\N,http://en.wikipedia.org/wiki/Alain_de_Changy,de Changy,Belgian
filippis,9.18979E+11,\N,http://en.wikipedia.org/wiki/Maria_Teresa_de_Filippis,de Filippis,Italian
lucienbonnet,9.18979E+11,\N,http://en.wikipedia.org/wiki/Jean_Lucienbonnet,Lucienbonnet,French
testut,9.18979E+11,\N,http://en.wikipedia.org/wiki/Andr%C3%A9_Testut,Testut,Monegasque
behra,9.18979E+11,\N,http://en.wikipedia.org/wiki/Jean_Behra,Behra,French
paul_russo,9.18979E+11,\N,http://en.wikipedia.org/wiki/Paul_Russo,Russo,American
daywalt,9.18979E+11,\N,http://en.wikipedia.org/wiki/Jimmy_Daywalt,Daywalt,American
arnold,9.18979E+11,\N,http://en.wikipedia.org/wiki/Chuck_Arnold,Arnold,American
keller,9.18979E+11,\N,http://en.wikipedia.org/wiki/Al_Keller,Keller,American
flaherty,9.18979E+11,\N,http://en.wikipedia.org/wiki/Pat_Flaherty_(racing_driver),Flaherty,American
cheesbourg,9.18979E+11,\N,http://en.wikipedia.org/wiki/Bill_Cheesbourg,Cheesbourg,American
ray_crawford,9.18979E+11,\N,http://en.wikipedia.org/wiki/Ray_Crawford,Crawford,American
turner,9.18979E+11,\N,http://en.wikipedia.org/wiki/Jack_Turner_(driver),Turner,American
weyant,9.18979E+11,\N,http://en.wikipedia.org/wiki/Chuck_Weyant,Weyant,American
larson,9.18979E+11,\N,http://en.wikipedia.org/wiki/Jud_Larson,Larson,American
magill,9.18979E+11,\N,http://en.wikipedia.org/wiki/Mike_Magill,Magill,American
shelby,9.18979E+11,\N,http://en.wikipedia.org/wiki/Carroll_Shelby,Shelby,American
orey,9.18979E+11,\N,http://en.wikipedia.org/wiki/Fritz_d%27Orey,d'Orey,Brazilian
fontes,9.18979E+11,\N,http://en.wikipedia.org/wiki/Azdrubal_Fontes,Fontes,Uruguayan
ashdown,9.18979E+11,\N,http://en.wikipedia.org/wiki/Peter_Ashdown,Ashdown,British
bill_moss,9.18979E+11,\N,http://en.wikipedia.org/wiki/Bill_Moss_(racing_driver),Moss,British
dennis_taylor,9.18979E+11,\N,http://en.wikipedia.org/wiki/Dennis_Taylor_(racing_driver),Taylor,British
blanchard,9.18979E+11,\N,http://en.wikipedia.org/wiki/Harry_Blanchard,Blanchard,American
tomaso,9.18979E+11,\N,http://en.wikipedia.org/wiki/Alessandro_de_Tomaso,de Tomaso,Argentine-Italian
constantine,9.18979E+11,\N,http://en.wikipedia.org/wiki/George_Constantine,Constantine,American
said,9.18979E+11,\N,http://en.wikipedia.org/wiki/Bob_Said,Said,American
cade,9.18979E+11,\N,http://en.wikipedia.org/wiki/Phil_Cade,Cade,American
musso,9.18979E+11,\N,http://en.wikipedia.org/wiki/Luigi_Musso,Musso,Italian
hawthorn,9.18979E+11,\N,http://en.wikipedia.org/wiki/Mike_Hawthorn,Hawthorn,British
fangio,9.18979E+11,\N,http://en.wikipedia.org/wiki/Juan_Manuel_Fangio,Fangio,Argentine
godia,9.18979E+11,\N,http://en.wikipedia.org/wiki/Paco_Godia,Godia,Spanish
collins,9.18979E+11,\N,http://en.wikipedia.org/wiki/Peter_Collins_(racing_driver),Collins,British
kavanagh,9.18979E+11,\N,http://en.wikipedia.org/wiki/Ken_Kavanagh,Kavanagh,Australian
gerini,9.18979E+11,\N,http://en.wikipedia.org/wiki/Gerino_Gerini_(racing_driver),Gerini,Italian
kessler,9.18979E+11,\N,http://en.wikipedia.org/wiki/Bruce_Kessler,Kessler,American
emery,9.18979E+11,\N,http://en.wikipedia.org/wiki/Paul_Emery,Emery,British
piotti,9.18979E+11,\N,http://en.wikipedia.org/wiki/Luigi_Piotti,Piotti,Italian
ecclestone,9.18979E+11,\N,http://en.wikipedia.org/wiki/Bernie_Ecclestone,Ecclestone,British
taramazzo,9.18979E+11,\N,http://en.wikipedia.org/wiki/Luigi_Taramazzo,Taramazzo,Italian
chiron,9.18979E+11,\N,http://en.wikipedia.org/wiki/Louis_Chiron,Chiron,Monegasque
lewis-evans,9.18979E+11,\N,http://en.wikipedia.org/wiki/Stuart_Lewis-Evans,Lewis-Evans,British
george_amick,9.18979E+11,\N,http://en.wikipedia.org/wiki/George_Amick,Amick,American
reece,9.18979E+11,\N,http://en.wikipedia.org/wiki/Jimmy_Reece,Reece,American
parsons,9.18979E+11,\N,http://en.wikipedia.org/wiki/Johnnie_Parsons,Parsons,American
tolan,9.18979E+11,\N,http://en.wikipedia.org/wiki/Johnnie_Tolan,Tolan,American
garrett,9.18979E+11,\N,http://en.wikipedia.org/wiki/Billy_Garrett,Garrett,American
elisian,9.18979E+11,\N,http://en.wikipedia.org/wiki/Ed_Elisian,Elisian,American
connor,9.18979E+11,\N,http://en.wikipedia.org/wiki/Pat_O%27Connor_(auto_racer),O'Connor,American
jerry_unser,9.18979E+11,\N,http://en.wikipedia.org/wiki/Jerry_Unser,Unser,American
bisch,9.18979E+11,\N,http://en.wikipedia.org/wiki/Art_Bisch,Bisch,American
goethals,9.18979E+11,\N,http://en.wikipedia.org/wiki/Christian_Goethals,Goethals,Belgian
gibson,9.18979E+11,\N,http://en.wikipedia.org/wiki/Dick_Gibson,Gibson,British
la_caze,9.18979E+11,\N,http://en.wikipedia.org/wiki/Robert_La_Caze,La Caze,French
guelfi,9.18979E+11,\N,http://en.wikipedia.org/wiki/Andr%C3%A9_Guelfi,Guelfi,French
picard,9.18979E+11,\N,http://en.wikipedia.org/wiki/Fran%C3%A7ois_Picard,Picard,French
bridger,9.18979E+11,\N,http://en.wikipedia.org/wiki/Tom_Bridger,Bridger,British
portago,9.18979E+11,\N,http://en.wikipedia.org/wiki/Alfonso_de_Portago,de Portago,Spanish
perdisa,9.18979E+11,\N,http://en.wikipedia.org/wiki/Cesare_Perdisa,Perdisa,Italian
castellotti,9.18979E+11,\N,http://en.wikipedia.org/wiki/Eugenio_Castellotti,Castellotti,Italian
simon,9.18979E+11,\N,http://en.wikipedia.org/wiki/Andr%C3%A9_Simon_(racing_driver),Simon,French
leston,9.18979E+11,\N,http://en.wikipedia.org/wiki/Les_Leston,Leston,British
hanks,9.18979E+11,\N,http://en.wikipedia.org/wiki/Sam_Hanks,Hanks,American
linden,9.18979E+11,\N,http://en.wikipedia.org/wiki/Andy_Linden_(racing_driver),Linden,American
teague,9.18979E+11,\N,http://en.wikipedia.org/wiki/Marshall_Teague_(racing_driver),Teague,American
edmunds,9.18979E+11,\N,http://en.wikipedia.org/wiki/Don_Edmunds,Edmunds,American
agabashian,9.18979E+11,\N,http://en.wikipedia.org/wiki/Fred_Agabashian,Agabashian,American
george,9.18979E+11,\N,http://en.wikipedia.org/wiki/Elmer_George,George,American
macdowel,9.18979E+11,\N,http://en.wikipedia.org/wiki/Mike_MacDowel,MacDowel,British
mackay-fraser,9.18979E+11,\N,http://en.wikipedia.org/wiki/Herbert_MacKay-Fraser,MacKay-Fraser,American
gerard,9.18979E+11,\N,http://en.wikipedia.org/wiki/Bob_Gerard,Gerard,British
maglioli,9.18979E+11,\N,http://en.wikipedia.org/wiki/Umberto_Maglioli,Maglioli,Italian
england,9.18979E+11,\N,http://en.wikipedia.org/wiki/Paul_England,England,Australian
landi,9.18979E+11,\N,http://en.wikipedia.org/wiki/Chico_Landi,Landi,Brazilian
uria,9.18979E+11,\N,http://en.wikipedia.org/wiki/Alberto_Uria,Uria,Uruguayan
ramos,9.18979E+11,\N,http://en.wikipedia.org/wiki/Hernando_da_Silva_Ramos,da Silva Ramos,Brazilian
bayol,9.18979E+11,\N,http://en.wikipedia.org/wiki/%C3%89lie_Bayol,Bayol,French
manzon,9.18979E+11,\N,http://en.wikipedia.org/wiki/Robert_Manzon,Manzon,French
rosier,9.18979E+11,\N,http://en.wikipedia.org/wiki/Louis_Rosier,Rosier,French
sweikert,9.18979E+11,\N,http://en.wikipedia.org/wiki/Bob_Sweikert,Sweikert,American
griffith,9.18979E+11,\N,http://en.wikipedia.org/wiki/Cliff_Griffith,Griffith,American
dinsmore,9.18979E+11,\N,http://en.wikipedia.org/wiki/Duke_Dinsmore,Dinsmore,American
andrews,9.18979E+11,\N,http://en.wikipedia.org/wiki/Keith_Andrews_(driver),Andrews,American
frere,9.18979E+11,\N,http://en.wikipedia.org/wiki/Paul_Fr%C3%A8re,Frère,Belgian
villoresi,9.18979E+11,\N,http://en.wikipedia.org/wiki/Luigi_Villoresi,Villoresi,Italian
scotti,9.18979E+11,\N,http://en.wikipedia.org/wiki/Piero_Scotti,Scotti,Italian
chapman,9.18979E+11,\N,http://en.wikipedia.org/wiki/Colin_Chapman,Chapman,British
titterington,9.18979E+11,\N,http://en.wikipedia.org/wiki/Desmond_Titterington,Titterington,British
scott_Brown,9.18979E+11,\N,http://en.wikipedia.org/wiki/Archie_Scott_Brown,Scott Brown,British
volonterio,9.18979E+11,\N,http://en.wikipedia.org/wiki/Ottorino_Volonterio,Volonterio,Swiss
milhoux,9.18979E+11,\N,http://en.wikipedia.org/wiki/Andr%C3%A9_Milhoux,Milhoux,Belgian
graffenried,9.18979E+11,\N,http://en.wikipedia.org/wiki/Toulo_de_Graffenried,de Graffenried,Swiss
taruffi,9.18979E+11,\N,http://en.wikipedia.org/wiki/Piero_Taruffi,Taruffi,Italian
farina,9.18979E+11,\N,http://en.wikipedia.org/wiki/Nino_Farina,Farina,Italian
mieres,9.18979E+11,\N,http://en.wikipedia.org/wiki/Roberto_Mieres,Mieres,Argentine
mantovani,9.18979E+11,\N,http://en.wikipedia.org/wiki/Sergio_Mantovani,Mantovani,Italian
bucci,9.18979E+11,\N,http://en.wikipedia.org/wiki/Clemar_Bucci,Bucci,Argentine
iglesias,9.18979E+11,\N,http://en.wikipedia.org/wiki/Jes%C3%BAs_Iglesias,Iglesias,Argentine
ascari,9.18979E+11,\N,http://en.wikipedia.org/wiki/Alberto_Ascari,Ascari,Italian
kling,9.18979E+11,\N,http://en.wikipedia.org/wiki/Karl_Kling,Kling,German
birger,9.18979E+11,\N,http://en.wikipedia.org/wiki/Pablo_Birger,Birger,Argentine
pollet,9.18979E+11,\N,http://en.wikipedia.org/wiki/Jacques_Pollet,Pollet,French
macklin,9.18979E+11,\N,http://en.wikipedia.org/wiki/Lance_Macklin,Macklin,British
whiteaway,9.18979E+11,\N,http://en.wikipedia.org/wiki/Ted_Whiteaway,Whiteaway,British
davies,9.18979E+11,\N,http://en.wikipedia.org/wiki/Jimmy_Davies,Davies,American
faulkner,9.18979E+11,\N,http://en.wikipedia.org/wiki/Walt_Faulkner,Faulkner,American
niday,9.18979E+11,\N,http://en.wikipedia.org/wiki/Cal_Niday,Niday,American
cross,9.18979E+11,\N,http://en.wikipedia.org/wiki/Art_Cross,Cross,American
vukovich,9.18979E+11,\N,http://en.wikipedia.org/wiki/Bill_Vukovich,Vukovich,American
mcgrath,9.18979E+11,\N,http://en.wikipedia.org/wiki/Jack_McGrath_(racing_driver),McGrath,American
hoyt,9.18979E+11,\N,http://en.wikipedia.org/wiki/Jerry_Hoyt,Hoyt,American
claes,9.18979E+11,\N,http://en.wikipedia.org/wiki/Johnny_Claes,Claes,Belgian
peter_walker,9.18979E+11,\N,http://en.wikipedia.org/wiki/Peter_Walker_(driver),Walker,British
sparken,9.18979E+11,\N,http://en.wikipedia.org/wiki/Mike_Sparken,Sparken,French
wharton,9.18979E+11,\N,http://en.wikipedia.org/wiki/Ken_Wharton,Wharton,British
mcalpine,9.18979E+11,\N,http://en.wikipedia.org/wiki/Kenneth_McAlpine,McAlpine,British
marr,9.18979E+11,\N,http://en.wikipedia.org/wiki/Leslie_Marr,Marr,British
rolt,9.18979E+11,\N,http://en.wikipedia.org/wiki/Tony_Rolt,Rolt,British
fitch,9.18979E+11,\N,http://en.wikipedia.org/wiki/John_Fitch_(driver),Fitch,American
lucas,9.18979E+11,\N,http://en.wikipedia.org/wiki/Jean_Lucas,Lucas,French
bira,9.18979E+11,\N,http://en.wikipedia.org/wiki/Prince_Bira,Bira,Thai
marimon,9.18979E+11,\N,http://en.wikipedia.org/wiki/Onofre_Marim%C3%B3n,Marimón,Argentine
loyer,9.18979E+11,\N,http://en.wikipedia.org/wiki/Roger_Loyer,Loyer,French
daponte,9.18979E+11,\N,http://en.wikipedia.org/wiki/Jorge_Daponte,Daponte,Argentine
nazaruk,9.18979E+11,\N,http://en.wikipedia.org/wiki/Mike_Nazaruk,Nazaruk,American
crockett,9.18979E+11,\N,http://en.wikipedia.org/wiki/Larry_Crockett,Crockett,American
ayulo,9.18979E+11,\N,http://en.wikipedia.org/wiki/Manny_Ayulo,Ayulo,American
armi,9.18979E+11,\N,http://en.wikipedia.org/wiki/Frank_Armi,Armi,American
webb,9.18979E+11,\N,http://en.wikipedia.org/wiki/Travis_Webb,Webb,American
duncan,9.18979E+11,\N,http://en.wikipedia.org/wiki/Len_Duncan,Duncan,American
mccoy,9.18979E+11,\N,http://en.wikipedia.org/wiki/Ernie_McCoy,McCoy,American
swaters,9.18979E+11,\N,http://en.wikipedia.org/wiki/Jacques_Swaters,Swaters,American
georges_berger,9.18979E+11,\N,http://en.wikipedia.org/wiki/Georges_Berger,Berger,Belgian
beauman,9.18979E+11,\N,http://en.wikipedia.org/wiki/Don_Beauman,Beauman,British
thorne,9.18979E+11,\N,http://en.wikipedia.org/wiki/Leslie_Thorne,Thorne,British
whitehouse,9.18979E+11,\N,http://en.wikipedia.org/wiki/Bill_Whitehouse,Whitehouse,British
riseley_prichard,9.18979E+11,\N,http://en.wikipedia.org/wiki/John_Riseley-Prichard,Riseley-Prichard,British
reg_parnell,9.18979E+11,\N,http://en.wikipedia.org/wiki/Reg_Parnell,Parnell,British
whitehead,9.18979E+11,\N,http://en.wikipedia.org/wiki/Peter_Whitehead_(racing_driver),Whitehead,British
brandon,9.18979E+11,\N,http://en.wikipedia.org/wiki/Eric_Brandon,Brandon,British
alan_brown,9.18979E+11,\N,http://en.wikipedia.org/wiki/Alan_Brown_(racing_driver),Brown,British
nuckey,9.18979E+11,\N,http://en.wikipedia.org/wiki/Rodney_Nuckey,Nuckey,British
lang,9.18979E+11,\N,http://en.wikipedia.org/wiki/Hermann_Lang,Lang,German
helfrich,9.18979E+11,\N,http://en.wikipedia.org/wiki/Theo_Helfrich,Helfrich,German
wacker,9.18979E+11,\N,http://en.wikipedia.org/wiki/Fred_Wacker,Wacker,American
riu,9.18979E+11,\N,http://en.wikipedia.org/wiki/Giovanni_de_Riu,de Riu,Italian
galvez,9.18979E+11,\N,http://en.wikipedia.org/wiki/%C3%93scar_Alfredo_G%C3%A1lvez,Gálvez,Argentine
john_barber,9.18979E+11,\N,http://en.wikipedia.org/wiki/John_Barber_(racing_driver),Barber,British
bonetto,9.18979E+11,\N,http://en.wikipedia.org/wiki/Felice_Bonetto,Bonetto,Italian
cruz,9.18979E+11,\N,http://en.wikipedia.org/wiki/Adolfo_Schewelm_Cruz,Cruz,Argentine
nalon,9.18979E+11,\N,http://en.wikipedia.org/wiki/Duke_Nalon,Nalon,American
scarborough,9.18979E+11,\N,http://en.wikipedia.org/wiki/Carl_Scarborough,Scarborough,American
holland,9.18979E+11,\N,http://en.wikipedia.org/wiki/Bill_Holland,Holland,American
bob_scott,9.18979E+11,\N,http://en.wikipedia.org/wiki/Bob_Scott_(auto_racer),Scott,American
legat,9.18979E+11,\N,http://en.wikipedia.org/wiki/Arthur_Legat,Legat,Belgian
cabantous,9.18979E+11,\N,http://en.wikipedia.org/wiki/Yves_Giraud_Cabantous,Cabantous,French
crook,9.18979E+11,\N,http://en.wikipedia.org/wiki/Tony_Crook,Crook,British
jimmy_stewart,9.18979E+11,\N,http://en.wikipedia.org/wiki/Jimmy_Stewart_(racing_driver),Stewart,British
ian_stewart,9.18979E+11,\N,http://en.wikipedia.org/wiki/Ian_Stewart_(racing_driver),Stewart,British
duncan_hamilton,9.18979E+11,\N,http://en.wikipedia.org/wiki/Duncan_Hamilton_(racing_driver),Hamilton,British
klodwig,9.18979E+11,\N,http://en.wikipedia.org/wiki/Ernst_Klodwig,Klodwig,East German
krause,9.18979E+11,\N,http://en.wikipedia.org/wiki/Rudolf_Krause,Krause,East German
karch,9.18979E+11,\N,http://en.wikipedia.org/wiki/Oswald_Karch,Karch,German
heeks,9.18979E+11,\N,http://en.wikipedia.org/wiki/Willi_Heeks,Heeks,German
fitzau,9.18979E+11,\N,http://en.wikipedia.org/wiki/Theo_Fitzau,Fitzau,East German
adolff,9.18979E+11,\N,http://en.wikipedia.org/wiki/Kurt_Adolff,Adolff,German
bechem,9.18979E+11,\N,http://en.wikipedia.org/wiki/G%C3%BCnther_Bechem,Bechem,German
bauer,9.18979E+11,\N,http://en.wikipedia.org/wiki/Erwin_Bauer,Bauer,German
hans_stuck,9.18979E+11,\N,http://en.wikipedia.org/wiki/Hans_Von_Stuck,von Stuck,German
loof,9.18979E+11,\N,http://en.wikipedia.org/wiki/Ernst_Loof,Loof,German
scherrer,9.18979E+11,\N,http://en.wikipedia.org/wiki/Albert_Scherrer,Scherrer,Swiss
terra,9.18979E+11,\N,http://en.wikipedia.org/wiki/Max_de_Terra,de Terra,Swiss
hirt,9.18979E+11,\N,http://en.wikipedia.org/wiki/Peter_Hirt,Hirt,Swiss
carini,9.18979E+11,\N,http://en.wikipedia.org/wiki/Piero_Carini,Carini,Italian
fischer,9.18979E+11,\N,http://en.wikipedia.org/wiki/Rudi_Fischer,Fischer,Swiss
ulmen,9.18979E+11,\N,http://en.wikipedia.org/wiki/Toni_Ulmen,Ulmen,German
abecassis,9.18979E+11,\N,http://en.wikipedia.org/wiki/George_Abecassis,Abecassis,British
george_connor,9.18979E+11,\N,http://en.wikipedia.org/wiki/George_Connor_(driver),Connor,American
rigsby,9.18979E+11,\N,http://en.wikipedia.org/wiki/Jim_Rigsby,Rigsby,American
james,9.18979E+11,\N,http://en.wikipedia.org/wiki/Joe_James_(racing_driver),James,American
schindler,9.18979E+11,\N,http://en.wikipedia.org/wiki/Bill_Schindler,Schindler,American
fonder,9.18979E+11,\N,http://en.wikipedia.org/wiki/George_Fonder,Fonder,American
banks,9.18979E+11,\N,http://en.wikipedia.org/wiki/Henry_Banks,Banks,American
mcdowell,9.18979E+11,\N,http://en.wikipedia.org/wiki/Johnny_McDowell,McDowell,American
miller,9.18979E+11,\N,http://en.wikipedia.org/wiki/Chet_Miller,Miller,American
ball,9.18979E+11,\N,http://en.wikipedia.org/wiki/Bobby_Ball_(auto_racer),Ball,American
tornaco,9.18979E+11,\N,http://en.wikipedia.org/wiki/Charles_de_Tornaco,de Tornaco,Belgian
laurent,9.18979E+11,\N,http://en.wikipedia.org/wiki/Roger_Laurent,Laurent,Belgian
obrien,9.18979E+11,\N,http://en.wikipedia.org/wiki/Robert_O%27Brien_(auto_racer),O'Brien,American
gaze,9.18979E+11,\N,http://en.wikipedia.org/wiki/Tony_Gaze,Gaze,Australian
charrington,9.18979E+11,\N,http://en.wikipedia.org/wiki/Robin_Montgomerie-Charrington,Montgomerie-Charrington,British
comotti,9.18979E+11,\N,http://en.wikipedia.org/wiki/Franco_Comotti,Comotti,Italian
etancelin,9.18979E+11,\N,http://en.wikipedia.org/wiki/Philippe_%C3%89tancelin,Étancelin,French
poore,9.18979E+11,\N,http://en.wikipedia.org/wiki/Dennis_Poore,Poore,British
thompson,9.18979E+11,\N,http://en.wikipedia.org/wiki/Eric_Thompson_(racing_driver),Thompson,British
downing,9.18979E+11,\N,http://en.wikipedia.org/wiki/Ken_Downing,Downing,British
graham_whitehead,9.18979E+11,\N,http://en.wikipedia.org/wiki/Graham_Whitehead,Whitehead,British
bianco,9.18979E+11,\N,http://en.wikipedia.org/wiki/Gino_Bianco,Bianco,Brazilian
murray,9.18979E+11,\N,http://en.wikipedia.org/wiki/David_Murray_(driver),Murray,British
cantoni,9.18979E+11,\N,http://en.wikipedia.org/wiki/Eitel_Cantoni,Cantoni,Uruguayan
aston,9.18979E+11,\N,http://en.wikipedia.org/wiki/Bill_Aston,Aston,British
brudes,9.18979E+11,\N,http://en.wikipedia.org/wiki/Adolf_Brudes,Brudes,German
riess,9.18979E+11,\N,http://en.wikipedia.org/wiki/Fritz_Riess,Riess,German
niedermayr,9.18979E+11,\N,http://en.wikipedia.org/wiki/Helmut_Niedermayr,Niedermayr,German
klenk,9.18979E+11,\N,http://en.wikipedia.org/wiki/Hans_Klenk,Klenk,German
balsa,9.18979E+11,\N,http://en.wikipedia.org/wiki/Marcel_Balsa,Balsa,French
schoeller,9.18979E+11,\N,http://en.wikipedia.org/wiki/Rudolf_Schoeller,Schoeller,Swiss
pietsch,9.18979E+11,\N,http://en.wikipedia.org/wiki/Paul_Pietsch,Pietsch,German
peters,9.18979E+11,\N,http://en.wikipedia.org/wiki/Josef_Peters_(driver),Peters,German
lof,9.18979E+11,\N,http://en.wikipedia.org/wiki/Dries_van_der_Lof,van der Lof,Dutch
flinterman,9.18979E+11,\N,http://en.wikipedia.org/wiki/Jan_Flinterman,Flinterman,Dutch
dusio,9.18979E+11,\N,http://en.wikipedia.org/wiki/Piero_Dusio,Dusio,Italian
crespo,9.18979E+11,\N,http://en.wikipedia.org/wiki/Alberto_Crespo,Crespo,Argentine
rol,9.18979E+11,\N,http://en.wikipedia.org/wiki/Franco_Rol,Rol,Italian
sanesi,9.18979E+11,\N,http://en.wikipedia.org/wiki/Consalvo_Sanesi,Sanesi,Italian
guy_mairesse,9.18979E+11,\N,http://en.wikipedia.org/wiki/Guy_Mairesse,Mairesse,French
louveau,9.18979E+11,\N,http://en.wikipedia.org/wiki/Henri_Louveau,Louveau,French
wallard,9.18979E+11,\N,http://en.wikipedia.org/wiki/Lee_Wallard,Wallard,American
forberg,9.18979E+11,\N,http://en.wikipedia.org/wiki/Carl_Forberg,Forberg,American
rose,9.18979E+11,\N,http://en.wikipedia.org/wiki/Mauri_Rose,Rose,American
mackey,9.18979E+11,\N,http://en.wikipedia.org/wiki/Bill_Mackey,Mackey,American
green,9.18979E+11,\N,http://en.wikipedia.org/wiki/Cecil_Green,Green,American
walt_brown,9.18979E+11,\N,http://en.wikipedia.org/wiki/Walt_Brown_(auto_racer),Brown,American
hellings,9.18979E+11,\N,http://en.wikipedia.org/wiki/Mack_Hellings,Hellings,American
levegh,9.18979E+11,\N,http://en.wikipedia.org/wiki/Pierre_Levegh,Levegh,French
chaboud,9.18979E+11,\N,http://en.wikipedia.org/wiki/Eug%C3%A8ne_Chaboud,Chaboud,French
gordini,9.18979E+11,\N,http://en.wikipedia.org/wiki/Aldo_Gordini,Gordini,French
kelly,9.18979E+11,\N,http://en.wikipedia.org/wiki/Joe_Kelly_(Formula_One),Kelly,Irish
parker,9.18979E+11,\N,http://en.wikipedia.org/wiki/Philip_Fotheringham-Parker,Fotheringham-Parker,British
shawe_taylor,9.18979E+11,\N,http://en.wikipedia.org/wiki/Brian_Shawe_Taylor,Shawe Taylor,British
john_james,9.18979E+11,\N,http://en.wikipedia.org/wiki/John_James_(auto_racer),James,British
branca,9.18979E+11,\N,http://en.wikipedia.org/wiki/Toni_Branca,Branca,Swiss
richardson,9.18979E+11,\N,http://en.wikipedia.org/wiki/Ken_Richardson_(race_car_driver),Richardson,British
jover,9.18979E+11,\N,http://en.wikipedia.org/wiki/Juan_Jover,Jover,Spanish
grignard,9.18979E+11,\N,http://en.wikipedia.org/wiki/Georges_Grignard,Grignard,French
hampshire,9.18979E+11,\N,http://en.wikipedia.org/wiki/David_Hampshire,Hampshire,British
crossley,9.18979E+11,\N,http://en.wikipedia.org/wiki/Geoff_Crossley,Crossley,British
fagioli,9.18979E+11,\N,http://en.wikipedia.org/wiki/Luigi_Fagioli,Fagioli,Italian
harrison,9.18979E+11,\N,http://en.wikipedia.org/wiki/Cuth_Harrison,Harrison,British
fry,9.18979E+11,\N,http://en.wikipedia.org/wiki/Joe_Fry,Fry,British
martin,9.18979E+11,\N,http://en.wikipedia.org/wiki/Eug%C3%A8ne_Martin,Martin,French
leslie_johnson,9.18979E+11,\N,http://en.wikipedia.org/wiki/Leslie_Johnson_(racing_driver),Johnson,British
biondetti,9.18979E+11,\N,http://en.wikipedia.org/wiki/Clemente_Biondetti,Biondetti,Italian
pian,9.18979E+11,\N,http://en.wikipedia.org/wiki/Alfredo_Pi%C3%A0n,Pián,Argentine
sommer,9.18979E+11,\N,http://en.wikipedia.org/wiki/Raymond_Sommer,Sommer,French
chitwood,9.18979E+11,\N,http://en.wikipedia.org/wiki/Joie_Chitwood,Chitwood,American
fohr,9.18979E+11,\N,http://en.wikipedia.org/wiki/Myron_Fohr,Fohr,American
ader,9.18979E+11,\N,http://en.wikipedia.org/wiki/Walt_Ader,Ader,American
holmes,9.18979E+11,\N,http://en.wikipedia.org/wiki/Jackie_Holmes,Holmes,American
levrett,9.18979E+11,\N,http://en.wikipedia.org/wiki/Bayliss_Levrett,Levrett,American
jackson,9.18979E+11,\N,http://en.wikipedia.org/wiki/Jimmy_Jackson_(driver),Jackson,American
pagani,9.18979E+11,\N,http://en.wikipedia.org/wiki/Nello_Pagani,Pagani,Italian
pozzi,9.18979E+11,\N,http://en.wikipedia.org/wiki/Charles_Pozzi,Pozzi,French
serafini,9.18979E+11,\N,http://en.wikipedia.org/wiki/Dorino_Serafini,Serafini,Italian
cantrell,9.18979E+11,\N,http://en.wikipedia.org/wiki/William_Cantrell,Cantrell,American
mantz,9.18979E+11,\N,http://en.wikipedia.org/wiki/Johnny_Mantz,Mantz,American
kladis,9.18979E+11,\N,http://en.wikipedia.org/wiki/Danny_Kladis,Kladis,American
oscar_gonzalez,9.18979E+11,\N,http://en.wikipedia.org/wiki/Oscar_Gonz%C3%A1lez_(racing_driver),González,Uruguayan
hulkenberg,9.18979E+11,HUL,http://en.wikipedia.org/wiki/Nico_H%C3%BClkenberg,Hülkenberg,German
petrov,9.18979E+11,PET,http://en.wikipedia.org/wiki/Vitaly_Petrov,Petrov,Russian
grassi,9.18979E+11,DIG,http://en.wikipedia.org/wiki/Lucas_di_Grassi,di Grassi,Brazilian
bruno_senna,9.18979E+11,SEN,http://en.wikipedia.org/wiki/Bruno_Senna,Senna,Brazilian
chandhok,9.18979E+11,CHA,http://en.wikipedia.org/wiki/Karun_Chandhok,Chandhok,Indian
maldonado,9.18979E+11,MAL,http://en.wikipedia.org/wiki/Pastor_Maldonado,Maldonado,Venezuelan
resta,9.18979E+11,DIR,http://en.wikipedia.org/wiki/Paul_di_Resta,di Resta,British
perez,9.18979E+11,PER,http://en.wikipedia.org/wiki/Sergio_P%C3%A9rez,Pérez,Mexican
ambrosio,9.18979E+11,DAM,http://en.wikipedia.org/wiki/J%C3%A9r%C3%B4me_d%27Ambrosio,d'Ambrosio,Belgian
ricciardo,9.18979E+11,RIC,http://en.wikipedia.org/wiki/Daniel_Ricciardo,Ricciardo,Australian
vergne,9.18979E+11,VER,http://en.wikipedia.org/wiki/Jean-%C3%89ric_Vergne,Vergne,French
pic,9.18979E+11,PIC,http://en.wikipedia.org/wiki/Charles_Pic,Pic,French
chilton,9.18979E+11,CHI,http://en.wikipedia.org/wiki/Max_Chilton,Chilton,British
gutierrez,9.18979E+11,GUT,http://en.wikipedia.org/wiki/Esteban_Guti%C3%A9rrez,Gutiérrez,Mexican
bottas,9.18979E+11,BOT,http://en.wikipedia.org/wiki/Valtteri_Bottas,Bottas,Finnish
garde,9.18979E+11,VDG,http://en.wikipedia.org/wiki/Giedo_van_der_Garde,van der Garde,Dutch
jules_bianchi,9.18979E+11,BIA,http://en.wikipedia.org/wiki/Jules_Bianchi,Bianchi,French
kevin_magnussen,9.18979E+11,MAG,http://en.wikipedia.org/wiki/Kevin_Magnussen,Magnussen,Danish
kvyat,9.18979E+11,KVY,http://en.wikipedia.org/wiki/Daniil_Kvyat,Kvyat,Russian
lotterer,9.18979E+11,LOT,http://en.wikipedia.org/wiki/Andr%C3%A9_Lotterer,Lotterer,German
ericsson,9.18979E+11,ERI,http://en.wikipedia.org/wiki/Marcus_Ericsson,Ericsson,Swedish
stevens,9.18979E+11,STE,http://en.wikipedia.org/wiki/Will_Stevens,Stevens,British
max_verstappen,9.18979E+11,VER,http://en.wikipedia.org/wiki/Max_Verstappen,Verstappen,Dutch
nasr,9.18979E+11,NAS,http://en.wikipedia.org/wiki/Felipe_Nasr,Nasr,Brazilian
sainz,9.18979E+11,SAI,http://en.wikipedia.org/wiki/Carlos_Sainz_Jr.,Sainz,Spanish
merhi,9.18979E+11,MER,http://en.wikipedia.org/wiki/Roberto_Merhi,Merhi,Spanish
rossi,9.18979E+11,RSS,http://en.wikipedia.org/wiki/Alexander_Rossi_%28racing_driver%29,Rossi,American
jolyon_palmer,9.18979E+11,PAL,http://en.wikipedia.org/wiki/Jolyon_Palmer,Palmer,British
wehrlein,9.18979E+11,WEH,http://en.wikipedia.org/wiki/Pascal_Wehrlein,Wehrlein,German
haryanto,9.18979E+11,HAR,http://en.wikipedia.org/wiki/Rio_Haryanto,Haryanto,Indonesian
vandoorne,9.18979E+11,VAN,http://en.wikipedia.org/wiki/Stoffel_Vandoorne,Vandoorne,Belgian
ocon,9.18979E+11,OCO,http://en.wikipedia.org/wiki/Esteban_Ocon,Ocon,French
stroll,9.18979E+11,STR,http://en.wikipedia.org/wiki/Lance_Stroll,Stroll,Canadian
giovinazzi,9.18979E+11,GIO,http://en.wikipedia.org/wiki/Antonio_Giovinazzi,Giovinazzi,Italian
brendon_hartley,9.18979E+11,HAR,http://en.wikipedia.org/wiki/Brendon_Hartley,Hartley,New Zealander
leclerc,9.18979E+11,LEC,http://en.wikipedia.org/wiki/Charles_Leclerc,Leclerc,Monegasque
sirotkin,9.18979E+11,SIR,http://en.wikipedia.org/wiki/Sergey_Sirotkin_(racing_driver),Sirotkin,Russian
norris,9.18979E+11,NOR,http://en.wikipedia.org/wiki/Lando_Norris,Norris,British
russell,9.18979E+11,RUS,http://en.wikipedia.org/wiki/George_Russell_(racing_driver),Russell,British
albon,9.18979E+11,ALB,http://en.wikipedia.org/wiki/Alexander_Albon,Albon,Thai
latifi,9.18979E+11,LAT,http://en.wikipedia.org/wiki/Nicholas_Latifi,Latifi,Canadian
pietro_fittipaldi,9.18979E+11,FIT,http://en.wikipedia.org/wiki/Pietro_Fittipaldi,Fittipaldi,Brazilian
aitken,9.18979E+11,AIT,http://en.wikipedia.org/wiki/Jack_Aitken,Aitken,British
tsunoda,9.18979E+11,TSU,http://en.wikipedia.org/wiki/Yuki_Tsunoda,Tsunoda,Japanese
mazepin,9.18979E+11,MAZ,http://en.wikipedia.org/wiki/Nikita_Mazepin,Mazepin,Russian
mick_schumacher,9.18979E+11,MSC,http://en.wikipedia.org/wiki/Mick_Schumacher,Schumacher,German
zhou,9.18979E+11,ZHO,http://en.wikipedia.org/wiki/Zhou_Guanyu,Zhou,Chinese
de_vries,9.18979E+11,DEV,http://en.wikipedia.org/wiki/Nyck_de_Vries,de Vries,Dutch
piastri,9.18979E+11,PIA,http://en.wikipedia.org/wiki/Oscar_Piastri,Piastri,Australian
sargeant,9.18979E+11,SAR,http://en.wikipedia.org/wiki/Logan_Sargeant,Sargeant,American
